[
{
    "model": "backend.itemowner",
    "pk": 1,
    "fields": {
        "name": "Eurofurence e.V.",
        "shortname": "EF"
    }
},
{
    "model": "backend.itemowner",
    "pk": 2,
    "fields": {
        "name": "Winged_Neko",
        "shortname": "WN"
    }
},
{
    "model": "backend.itemowner",
    "pk": 3,
    "fields": {
        "name": "Boltee",
        "shortname": "BT"
    }
},
{
    "model": "backend.itemowner",
    "pk": 4,
    "fields": {
        "name": "Honigeintopf",
        "shortname": "HO"
    }
},
{
    "model": "backend.itemowner",
    "pk": 5,
    "fields": {
        "name": "Random Fur",
        "shortname": "RF"
    }
},
{
    "model": "backend.itemowner",
    "pk": 6,
    "fields": {
        "name": "TheF0x",
        "shortname": "FX"
    }
},
{
    "model": "backend.itemowner",
    "pk": 7,
    "fields": {
        "name": "Another Person",
        "shortname": "AP"
    }
},
{
    "model": "backend.itemtemplate",
    "pk": 1,
    "fields": {
        "polymorphic_ctype": 23,
        "name": "Hytera PD405",
        "description": "",
        "owner": 2,
        "private": false
    }
},
{
    "model": "backend.itemtemplate",
    "pk": 2,
    "fields": {
        "polymorphic_ctype": 23,
        "name": "Hytera PD485",
        "description": "",
        "owner": 2,
        "private": false
    }
},
{
    "model": "backend.itemtemplate",
    "pk": 3,
    "fields": {
        "polymorphic_ctype": 23,
        "name": "Hytera PD485",
        "description": "",
        "owner": 1,
        "private": false
    }
},
{
    "model": "backend.itemtemplate",
    "pk": 4,
    "fields": {
        "polymorphic_ctype": 23,
        "name": "Hytera PD405",
        "description": "",
        "owner": 1,
        "private": false
    }
},
{
    "model": "backend.itemtemplate",
    "pk": 5,
    "fields": {
        "polymorphic_ctype": 23,
        "name": "Motorola DM1400",
        "description": "",
        "owner": 3,
        "private": false
    }
},
{
    "model": "backend.itemtemplate",
    "pk": 6,
    "fields": {
        "polymorphic_ctype": 23,
        "name": "Hytera PD605",
        "description": "",
        "owner": 2,
        "private": false
    }
},
{
    "model": "backend.itemtemplate",
    "pk": 7,
    "fields": {
        "polymorphic_ctype": 23,
        "name": "Hytera PD785",
        "description": null,
        "owner": 4,
        "private": true
    }
},
{
    "model": "backend.itemtemplate",
    "pk": 8,
    "fields": {
        "polymorphic_ctype": 23,
        "name": "Hytera PD785",
        "description": null,
        "owner": 2,
        "private": true
    }
},
{
    "model": "backend.itemtemplate",
    "pk": 9,
    "fields": {
        "polymorphic_ctype": 23,
        "name": "Hytera PD785",
        "description": null,
        "owner": 3,
        "private": true
    }
},
{
    "model": "backend.itemtemplate",
    "pk": 10,
    "fields": {
        "polymorphic_ctype": 23,
        "name": "Retevis RT3S",
        "description": "",
        "owner": 1,
        "private": false
    }
},
{
    "model": "backend.itemtemplate",
    "pk": 11,
    "fields": {
        "polymorphic_ctype": 23,
        "name": "Hytera MD785",
        "description": "",
        "owner": 2,
        "private": false
    }
},
{
    "model": "backend.itemtemplate",
    "pk": 12,
    "fields": {
        "polymorphic_ctype": 14,
        "name": "Handset - Hytera PD4",
        "description": null,
        "owner": 2,
        "private": false
    }
},
{
    "model": "backend.itemtemplate",
    "pk": 13,
    "fields": {
        "polymorphic_ctype": 14,
        "name": "Handset - Hytera PD4",
        "description": null,
        "owner": 1,
        "private": false
    }
},
{
    "model": "backend.itemtemplate",
    "pk": 14,
    "fields": {
        "polymorphic_ctype": 14,
        "name": "In-Ear Headset - Hytera PD4",
        "description": null,
        "owner": 1,
        "private": false
    }
},
{
    "model": "backend.itemtemplate",
    "pk": 15,
    "fields": {
        "polymorphic_ctype": 14,
        "name": "In-Ear Headset - Hytera PD4",
        "description": null,
        "owner": 2,
        "private": false
    }
},
{
    "model": "backend.itemtemplate",
    "pk": 16,
    "fields": {
        "polymorphic_ctype": 14,
        "name": "Over-Ear Headset - Hytera PD4",
        "description": null,
        "owner": 2,
        "private": false
    }
},
{
    "model": "backend.itemtemplate",
    "pk": 17,
    "fields": {
        "polymorphic_ctype": 14,
        "name": "Desk Microphone - Motorola DM",
        "description": null,
        "owner": 3,
        "private": false
    }
},
{
    "model": "backend.itemtemplate",
    "pk": 19,
    "fields": {
        "polymorphic_ctype": 14,
        "name": "Handset - Hytera PD6",
        "description": null,
        "owner": 2,
        "private": false
    }
},
{
    "model": "backend.itemtemplate",
    "pk": 20,
    "fields": {
        "polymorphic_ctype": 14,
        "name": "In-Ear Headset - Hytera PD6",
        "description": null,
        "owner": 2,
        "private": false
    }
},
{
    "model": "backend.itemtemplate",
    "pk": 21,
    "fields": {
        "polymorphic_ctype": 14,
        "name": "Handset - Hytera PD7",
        "description": null,
        "owner": 2,
        "private": true
    }
},
{
    "model": "backend.itemtemplate",
    "pk": 22,
    "fields": {
        "polymorphic_ctype": 14,
        "name": "Handset - Hytera PD7",
        "description": null,
        "owner": 3,
        "private": true
    }
},
{
    "model": "backend.itemtemplate",
    "pk": 23,
    "fields": {
        "polymorphic_ctype": 14,
        "name": "Handset - Hytera PD7",
        "description": null,
        "owner": 4,
        "private": true
    }
},
{
    "model": "backend.itemtemplate",
    "pk": 24,
    "fields": {
        "polymorphic_ctype": 14,
        "name": "In-Ear Headset - Retevis",
        "description": null,
        "owner": 1,
        "private": false
    }
},
{
    "model": "backend.itemtemplate",
    "pk": 25,
    "fields": {
        "polymorphic_ctype": 14,
        "name": "Desk Microphone - Hytera MD7",
        "description": null,
        "owner": 2,
        "private": false
    }
},
{
    "model": "backend.itemtemplate",
    "pk": 26,
    "fields": {
        "polymorphic_ctype": 14,
        "name": "Skeleton Holder RS",
        "description": null,
        "owner": 1,
        "private": false
    }
},
{
    "model": "backend.itemtemplate",
    "pk": 27,
    "fields": {
        "polymorphic_ctype": 14,
        "name": "Skeleton Holder RM",
        "description": null,
        "owner": 1,
        "private": false
    }
},
{
    "model": "backend.itemtemplate",
    "pk": 28,
    "fields": {
        "polymorphic_ctype": 14,
        "name": "Skeleton Holder RL",
        "description": null,
        "owner": 1,
        "private": false
    }
},
{
    "model": "backend.itemtemplate",
    "pk": 29,
    "fields": {
        "polymorphic_ctype": 14,
        "name": "Skeleton Holder LS",
        "description": null,
        "owner": 1,
        "private": false
    }
},
{
    "model": "backend.itemtemplate",
    "pk": 30,
    "fields": {
        "polymorphic_ctype": 14,
        "name": "Skeleton Holder LM",
        "description": null,
        "owner": 1,
        "private": false
    }
},
{
    "model": "backend.itemtemplate",
    "pk": 31,
    "fields": {
        "polymorphic_ctype": 14,
        "name": "Skeleton Holder LL",
        "description": null,
        "owner": 1,
        "private": false
    }
},
{
    "model": "backend.itemtemplate",
    "pk": 32,
    "fields": {
        "polymorphic_ctype": 12,
        "name": "Generic Motorola Pager",
        "description": "",
        "owner": 1,
        "private": false
    }
},
{
    "model": "backend.itemtemplate",
    "pk": 33,
    "fields": {
        "polymorphic_ctype": 12,
        "name": "Generic Apollo Pager",
        "description": "",
        "owner": 1,
        "private": false
    }
},
{
    "model": "backend.itemtemplate",
    "pk": 34,
    "fields": {
        "polymorphic_ctype": 13,
        "name": "Grandstream GXP2130",
        "description": "",
        "owner": 1,
        "private": false
    }
},
{
    "model": "backend.itemtemplate",
    "pk": 35,
    "fields": {
        "polymorphic_ctype": 13,
        "name": "Grandstream GXP2130 V2",
        "description": null,
        "owner": 1,
        "private": false
    }
},
{
    "model": "backend.itemtemplate",
    "pk": 36,
    "fields": {
        "polymorphic_ctype": 13,
        "name": "Grandstream GXP2140",
        "description": "",
        "owner": 1,
        "private": false
    }
},
{
    "model": "backend.itemtemplate",
    "pk": 37,
    "fields": {
        "polymorphic_ctype": 11,
        "name": "Security Callbox",
        "description": "The original security callbox",
        "owner": 1,
        "private": false
    }
},
{
    "model": "backend.itemtemplate",
    "pk": 38,
    "fields": {
        "polymorphic_ctype": 11,
        "name": "Eurofurence Callbox",
        "description": "The new EF makeover of the old callboxes",
        "owner": 1,
        "private": false
    }
},
{
    "model": "backend.itemtemplate",
    "pk": 39,
    "fields": {
        "polymorphic_ctype": 23,
        "name": "Hytera RD985",
        "description": "",
        "owner": 2,
        "private": false
    }
},
{
    "model": "backend.itemtemplate",
    "pk": 40,
    "fields": {
        "polymorphic_ctype": 23,
        "name": "Tytera MD380",
        "description": "",
        "owner": 5,
        "private": true
    }
},
{
    "model": "backend.itemtemplate",
    "pk": 41,
    "fields": {
        "polymorphic_ctype": 23,
        "name": "Tytera MD380",
        "description": "",
        "owner": 6,
        "private": true
    }
},
{
    "model": "backend.itemtemplate",
    "pk": 42,
    "fields": {
        "polymorphic_ctype": 23,
        "name": "Tytera MD380",
        "description": "",
        "owner": 7,
        "private": true
    }
},
{
    "model": "backend.itemcoordinates",
    "pk": 1,
    "fields": {
        "item": 391,
        "floor": 0,
        "latitude": 57.35,
        "longitude": 62.23
    }
},
{
    "model": "backend.itemcoordinates",
    "pk": 2,
    "fields": {
        "item": 392,
        "floor": 0,
        "latitude": 57.49,
        "longitude": 41.74
    }
},
{
    "model": "backend.itemcoordinates",
    "pk": 3,
    "fields": {
        "item": 393,
        "floor": 0,
        "latitude": 70.11,
        "longitude": 46.57
    }
},
{
    "model": "backend.itemcoordinates",
    "pk": 4,
    "fields": {
        "item": 394,
        "floor": 0,
        "latitude": 73.08,
        "longitude": 62.35
    }
},
{
    "model": "backend.itemcoordinates",
    "pk": 5,
    "fields": {
        "item": 395,
        "floor": 1,
        "latitude": 67.6,
        "longitude": 47.32
    }
},
{
    "model": "backend.itemcoordinates",
    "pk": 6,
    "fields": {
        "item": 396,
        "floor": 1,
        "latitude": 67.11,
        "longitude": 72.6
    }
},
{
    "model": "backend.itemcoordinates",
    "pk": 7,
    "fields": {
        "item": 373,
        "floor": 0,
        "latitude": 72.14,
        "longitude": 72.65
    }
},
{
    "model": "backend.itemcoordinates",
    "pk": 8,
    "fields": {
        "item": 374,
        "floor": 0,
        "latitude": 72.48,
        "longitude": 71.58
    }
},
{
    "model": "backend.itemcoordinates",
    "pk": 9,
    "fields": {
        "item": 375,
        "floor": 0,
        "latitude": 72.13,
        "longitude": 70.85
    }
},
{
    "model": "backend.itemcoordinates",
    "pk": 10,
    "fields": {
        "item": 376,
        "floor": 0,
        "latitude": 71.11,
        "longitude": 70.87
    }
},
{
    "model": "backend.itemcoordinates",
    "pk": 11,
    "fields": {
        "item": 377,
        "floor": 0,
        "latitude": 71.21,
        "longitude": 72.24
    }
},
{
    "model": "backend.itemcoordinates",
    "pk": 12,
    "fields": {
        "item": 378,
        "floor": 0,
        "latitude": 65.78,
        "longitude": 76.03
    }
},
{
    "model": "backend.itemcoordinates",
    "pk": 13,
    "fields": {
        "item": 379,
        "floor": 0,
        "latitude": 65.04,
        "longitude": 77.22
    }
},
{
    "model": "backend.itemcoordinates",
    "pk": 14,
    "fields": {
        "item": 381,
        "floor": 1,
        "latitude": 67.88,
        "longitude": 55.69
    }
},
{
    "model": "backend.itemcoordinates",
    "pk": 15,
    "fields": {
        "item": 382,
        "floor": 0,
        "latitude": 66.41,
        "longitude": 79.41
    }
},
{
    "model": "backend.itemcoordinates",
    "pk": 16,
    "fields": {
        "item": 383,
        "floor": 0,
        "latitude": 69.93,
        "longitude": 41.46
    }
},
{
    "model": "backend.itemcoordinates",
    "pk": 17,
    "fields": {
        "item": 384,
        "floor": 0,
        "latitude": 71.57,
        "longitude": 51.26
    }
},
{
    "model": "backend.itemcoordinates",
    "pk": 18,
    "fields": {
        "item": 385,
        "floor": 0,
        "latitude": 67.95,
        "longitude": 26.37
    }
},
{
    "model": "backend.itemcoordinates",
    "pk": 19,
    "fields": {
        "item": 386,
        "floor": 0,
        "latitude": 62.65,
        "longitude": 48.87
    }
},
{
    "model": "backend.itemcoordinates",
    "pk": 20,
    "fields": {
        "item": 387,
        "floor": 0,
        "latitude": 64.75,
        "longitude": 78.98
    }
},
{
    "model": "backend.itemcoordinates",
    "pk": 21,
    "fields": {
        "item": 388,
        "floor": 0,
        "latitude": 63.04,
        "longitude": 35.51
    }
},
{
    "model": "backend.itemcoordinates",
    "pk": 22,
    "fields": {
        "item": 389,
        "floor": 0,
        "latitude": 67.22,
        "longitude": 45.18
    }
},
{
    "model": "backend.itemcoordinates",
    "pk": 23,
    "fields": {
        "item": 390,
        "floor": 0,
        "latitude": 71.65,
        "longitude": 80.04
    }
},
{
    "model": "backend.itemcoordinates",
    "pk": 24,
    "fields": {
        "item": 397,
        "floor": 1,
        "latitude": 69.28,
        "longitude": 50.97
    }
},
{
    "model": "backend.itemcoordinates",
    "pk": 25,
    "fields": {
        "item": 398,
        "floor": 3,
        "latitude": 62.88,
        "longitude": 72.54
    }
},
{
    "model": "backend.item",
    "pk": 1,
    "fields": {
        "polymorphic_ctype": 24,
        "template": 1,
        "notes": "",
        "serialnumber": "6818195628",
        "created_at": "2024-05-01T14:37:39.717Z",
        "created_by": null,
        "updated_at": "2024-05-01T14:37:39.717Z"
    }
},
{
    "model": "backend.item",
    "pk": 2,
    "fields": {
        "polymorphic_ctype": 24,
        "template": 1,
        "notes": "",
        "serialnumber": "8214696380",
        "created_at": "2024-05-01T14:37:49.502Z",
        "created_by": null,
        "updated_at": "2024-05-01T14:37:49.502Z"
    }
},
{
    "model": "backend.item",
    "pk": 3,
    "fields": {
        "polymorphic_ctype": 24,
        "template": 1,
        "notes": "Scratch on back",
        "serialnumber": "5441396075",
        "created_at": "2024-05-01T14:38:02.375Z",
        "created_by": null,
        "updated_at": "2024-05-01T14:38:02.375Z"
    }
},
{
    "model": "backend.item",
    "pk": 4,
    "fields": {
        "polymorphic_ctype": 24,
        "template": 1,
        "notes": "",
        "serialnumber": "1902752503",
        "created_at": "2024-05-01T14:38:11.338Z",
        "created_by": null,
        "updated_at": "2024-05-01T14:38:11.338Z"
    }
},
{
    "model": "backend.item",
    "pk": 5,
    "fields": {
        "polymorphic_ctype": 24,
        "template": 1,
        "notes": "",
        "serialnumber": "2581305509",
        "created_at": "2024-05-01T14:38:19.341Z",
        "created_by": null,
        "updated_at": "2024-05-01T14:38:19.341Z"
    }
},
{
    "model": "backend.item",
    "pk": 6,
    "fields": {
        "polymorphic_ctype": 24,
        "template": 1,
        "notes": "",
        "serialnumber": "6836954411",
        "created_at": "2024-05-01T14:38:26.405Z",
        "created_by": null,
        "updated_at": "2024-05-01T14:38:26.405Z"
    }
},
{
    "model": "backend.item",
    "pk": 7,
    "fields": {
        "polymorphic_ctype": 24,
        "template": 1,
        "notes": "",
        "serialnumber": "9020578987",
        "created_at": "2024-05-01T14:38:53.675Z",
        "created_by": null,
        "updated_at": "2024-05-01T14:38:53.675Z"
    }
},
{
    "model": "backend.item",
    "pk": 8,
    "fields": {
        "polymorphic_ctype": 24,
        "template": 1,
        "notes": "",
        "serialnumber": "2921630400",
        "created_at": "2024-05-01T14:39:03.750Z",
        "created_by": null,
        "updated_at": "2024-05-01T14:39:03.750Z"
    }
},
{
    "model": "backend.item",
    "pk": 9,
    "fields": {
        "polymorphic_ctype": 24,
        "template": 1,
        "notes": "",
        "serialnumber": "5307220774",
        "created_at": "2024-05-01T14:39:11.220Z",
        "created_by": null,
        "updated_at": "2024-05-01T14:39:11.220Z"
    }
},
{
    "model": "backend.item",
    "pk": 10,
    "fields": {
        "polymorphic_ctype": 24,
        "template": 1,
        "notes": "",
        "serialnumber": "3123024601",
        "created_at": "2024-05-01T14:39:18.575Z",
        "created_by": null,
        "updated_at": "2024-05-01T14:39:18.575Z"
    }
},
{
    "model": "backend.item",
    "pk": 11,
    "fields": {
        "polymorphic_ctype": 24,
        "template": 1,
        "notes": "Smells a little ...^",
        "serialnumber": "9088550913",
        "created_at": "2024-05-01T14:39:33.669Z",
        "created_by": null,
        "updated_at": "2024-05-01T14:39:33.669Z"
    }
},
{
    "model": "backend.item",
    "pk": 12,
    "fields": {
        "polymorphic_ctype": 24,
        "template": 1,
        "notes": "",
        "serialnumber": "3505540412",
        "created_at": "2024-05-01T14:39:43.283Z",
        "created_by": null,
        "updated_at": "2024-05-01T14:39:43.283Z"
    }
},
{
    "model": "backend.item",
    "pk": 13,
    "fields": {
        "polymorphic_ctype": 24,
        "template": 1,
        "notes": "",
        "serialnumber": "6952910026",
        "created_at": "2024-05-01T14:39:51.205Z",
        "created_by": null,
        "updated_at": "2024-05-01T14:39:51.205Z"
    }
},
{
    "model": "backend.item",
    "pk": 14,
    "fields": {
        "polymorphic_ctype": 24,
        "template": 1,
        "notes": "",
        "serialnumber": "1781821313",
        "created_at": "2024-05-01T14:39:58.640Z",
        "created_by": null,
        "updated_at": "2024-05-01T14:39:58.640Z"
    }
},
{
    "model": "backend.item",
    "pk": 15,
    "fields": {
        "polymorphic_ctype": 24,
        "template": 1,
        "notes": "",
        "serialnumber": "7408667733",
        "created_at": "2024-05-01T14:40:05.471Z",
        "created_by": null,
        "updated_at": "2024-05-01T14:40:05.471Z"
    }
},
{
    "model": "backend.item",
    "pk": 16,
    "fields": {
        "polymorphic_ctype": 24,
        "template": 2,
        "notes": "",
        "serialnumber": "1668055678",
        "created_at": "2024-05-01T14:40:16.889Z",
        "created_by": null,
        "updated_at": "2024-05-01T14:40:16.889Z"
    }
},
{
    "model": "backend.item",
    "pk": 17,
    "fields": {
        "polymorphic_ctype": 24,
        "template": 2,
        "notes": "",
        "serialnumber": "1668055678",
        "created_at": "2024-05-01T14:40:28.431Z",
        "created_by": null,
        "updated_at": "2024-05-01T14:40:28.431Z"
    }
},
{
    "model": "backend.item",
    "pk": 18,
    "fields": {
        "polymorphic_ctype": 24,
        "template": 2,
        "notes": "",
        "serialnumber": "4803461694",
        "created_at": "2024-05-01T14:40:45.756Z",
        "created_by": null,
        "updated_at": "2024-05-01T14:40:45.756Z"
    }
},
{
    "model": "backend.item",
    "pk": 20,
    "fields": {
        "polymorphic_ctype": 24,
        "template": 2,
        "notes": "Clip missing",
        "serialnumber": "9634068081",
        "created_at": "2024-05-01T14:41:17.137Z",
        "created_by": null,
        "updated_at": "2024-05-01T14:41:17.137Z"
    }
},
{
    "model": "backend.item",
    "pk": 21,
    "fields": {
        "polymorphic_ctype": 24,
        "template": 2,
        "notes": "",
        "serialnumber": "2986722229",
        "created_at": "2024-05-01T14:41:27.088Z",
        "created_by": null,
        "updated_at": "2024-05-01T14:41:27.088Z"
    }
},
{
    "model": "backend.item",
    "pk": 22,
    "fields": {
        "polymorphic_ctype": 24,
        "template": 3,
        "notes": "",
        "serialnumber": "2400897344",
        "created_at": "2024-05-01T14:41:44.639Z",
        "created_by": null,
        "updated_at": "2024-05-01T14:41:44.639Z"
    }
},
{
    "model": "backend.item",
    "pk": 23,
    "fields": {
        "polymorphic_ctype": 24,
        "template": 3,
        "notes": "",
        "serialnumber": "2761170156",
        "created_at": "2024-05-01T14:41:54.197Z",
        "created_by": null,
        "updated_at": "2024-05-01T14:41:54.198Z"
    }
},
{
    "model": "backend.item",
    "pk": 25,
    "fields": {
        "polymorphic_ctype": 24,
        "template": 3,
        "notes": "",
        "serialnumber": "1065620373",
        "created_at": "2024-05-01T14:42:09.284Z",
        "created_by": null,
        "updated_at": "2024-05-01T14:42:09.284Z"
    }
},
{
    "model": "backend.item",
    "pk": 26,
    "fields": {
        "polymorphic_ctype": 24,
        "template": 4,
        "notes": "",
        "serialnumber": "9756017155",
        "created_at": "2024-05-01T14:42:21.364Z",
        "created_by": null,
        "updated_at": "2024-05-01T14:42:21.364Z"
    }
},
{
    "model": "backend.item",
    "pk": 27,
    "fields": {
        "polymorphic_ctype": 24,
        "template": 4,
        "notes": "",
        "serialnumber": "4983265007",
        "created_at": "2024-05-01T14:42:35.672Z",
        "created_by": null,
        "updated_at": "2024-05-01T14:42:35.672Z"
    }
},
{
    "model": "backend.item",
    "pk": 28,
    "fields": {
        "polymorphic_ctype": 24,
        "template": 4,
        "notes": "",
        "serialnumber": "9759527154",
        "created_at": "2024-05-01T14:42:44.079Z",
        "created_by": null,
        "updated_at": "2024-05-01T14:42:44.079Z"
    }
},
{
    "model": "backend.item",
    "pk": 29,
    "fields": {
        "polymorphic_ctype": 24,
        "template": 4,
        "notes": "",
        "serialnumber": "4865618317",
        "created_at": "2024-05-01T14:42:52.563Z",
        "created_by": null,
        "updated_at": "2024-05-01T14:42:52.563Z"
    }
},
{
    "model": "backend.item",
    "pk": 30,
    "fields": {
        "polymorphic_ctype": 24,
        "template": 4,
        "notes": "",
        "serialnumber": "3554132144",
        "created_at": "2024-05-01T14:43:02.422Z",
        "created_by": null,
        "updated_at": "2024-05-01T14:43:02.422Z"
    }
},
{
    "model": "backend.item",
    "pk": 31,
    "fields": {
        "polymorphic_ctype": 24,
        "template": 4,
        "notes": "",
        "serialnumber": "5429895490",
        "created_at": "2024-05-01T14:43:13.002Z",
        "created_by": null,
        "updated_at": "2024-05-01T14:43:13.002Z"
    }
},
{
    "model": "backend.item",
    "pk": 32,
    "fields": {
        "polymorphic_ctype": 24,
        "template": 4,
        "notes": "",
        "serialnumber": "8581993176",
        "created_at": "2024-05-01T14:43:22.751Z",
        "created_by": null,
        "updated_at": "2024-05-01T14:43:22.751Z"
    }
},
{
    "model": "backend.item",
    "pk": 33,
    "fields": {
        "polymorphic_ctype": 24,
        "template": 4,
        "notes": "",
        "serialnumber": "6829984378",
        "created_at": "2024-05-01T14:43:31.286Z",
        "created_by": null,
        "updated_at": "2024-05-01T14:43:31.286Z"
    }
},
{
    "model": "backend.item",
    "pk": 34,
    "fields": {
        "polymorphic_ctype": 24,
        "template": 4,
        "notes": "",
        "serialnumber": "2614636363",
        "created_at": "2024-05-01T14:43:43.907Z",
        "created_by": null,
        "updated_at": "2024-05-01T14:43:43.907Z"
    }
},
{
    "model": "backend.item",
    "pk": 35,
    "fields": {
        "polymorphic_ctype": 24,
        "template": 4,
        "notes": "",
        "serialnumber": "5945864382",
        "created_at": "2024-05-01T14:43:53.348Z",
        "created_by": null,
        "updated_at": "2024-05-01T14:43:53.348Z"
    }
},
{
    "model": "backend.item",
    "pk": 36,
    "fields": {
        "polymorphic_ctype": 24,
        "template": 5,
        "notes": "",
        "serialnumber": "8304653729",
        "created_at": "2024-05-01T14:44:09.260Z",
        "created_by": null,
        "updated_at": "2024-05-01T14:44:09.260Z"
    }
},
{
    "model": "backend.item",
    "pk": 37,
    "fields": {
        "polymorphic_ctype": 24,
        "template": 5,
        "notes": "",
        "serialnumber": "3455769292",
        "created_at": "2024-05-01T14:44:19.271Z",
        "created_by": null,
        "updated_at": "2024-05-01T14:44:19.271Z"
    }
},
{
    "model": "backend.item",
    "pk": 38,
    "fields": {
        "polymorphic_ctype": 24,
        "template": 6,
        "notes": "",
        "serialnumber": "1987505611",
        "created_at": "2024-05-01T14:44:29.448Z",
        "created_by": null,
        "updated_at": "2024-05-01T14:44:29.449Z"
    }
},
{
    "model": "backend.item",
    "pk": 39,
    "fields": {
        "polymorphic_ctype": 24,
        "template": 6,
        "notes": "",
        "serialnumber": "9172186135",
        "created_at": "2024-05-01T14:44:38.587Z",
        "created_by": null,
        "updated_at": "2024-05-01T14:44:38.587Z"
    }
},
{
    "model": "backend.item",
    "pk": 41,
    "fields": {
        "polymorphic_ctype": 24,
        "template": 6,
        "notes": "",
        "serialnumber": "4271452114",
        "created_at": "2024-05-01T14:45:08.028Z",
        "created_by": null,
        "updated_at": "2024-05-01T14:45:08.028Z"
    }
},
{
    "model": "backend.item",
    "pk": 42,
    "fields": {
        "polymorphic_ctype": 24,
        "template": 6,
        "notes": "",
        "serialnumber": "7740732869",
        "created_at": "2024-05-01T14:45:35.838Z",
        "created_by": null,
        "updated_at": "2024-05-01T14:45:35.838Z"
    }
},
{
    "model": "backend.item",
    "pk": 43,
    "fields": {
        "polymorphic_ctype": 24,
        "template": 6,
        "notes": "",
        "serialnumber": "4942944848",
        "created_at": "2024-05-01T14:45:44.406Z",
        "created_by": null,
        "updated_at": "2024-05-01T14:45:44.406Z"
    }
},
{
    "model": "backend.item",
    "pk": 44,
    "fields": {
        "polymorphic_ctype": 24,
        "template": 7,
        "notes": "Personal device",
        "serialnumber": "HY-1337-4242",
        "created_at": "2024-05-01T14:48:24.964Z",
        "created_by": null,
        "updated_at": "2024-05-01T14:48:24.964Z"
    }
},
{
    "model": "backend.item",
    "pk": 45,
    "fields": {
        "polymorphic_ctype": 24,
        "template": 8,
        "notes": "Personal device",
        "serialnumber": "HY-123456789",
        "created_at": "2024-05-01T14:48:47.806Z",
        "created_by": null,
        "updated_at": "2024-05-01T14:48:47.806Z"
    }
},
{
    "model": "backend.item",
    "pk": 46,
    "fields": {
        "polymorphic_ctype": 24,
        "template": 9,
        "notes": "Personal device",
        "serialnumber": "HY-B0LTESE-69",
        "created_at": "2024-05-01T14:49:17.829Z",
        "created_by": null,
        "updated_at": "2024-05-01T14:49:17.829Z"
    }
},
{
    "model": "backend.item",
    "pk": 47,
    "fields": {
        "polymorphic_ctype": 24,
        "template": 10,
        "notes": "",
        "serialnumber": "4913436783",
        "created_at": "2024-05-01T14:51:44.201Z",
        "created_by": null,
        "updated_at": "2024-05-01T14:51:44.201Z"
    }
},
{
    "model": "backend.item",
    "pk": 48,
    "fields": {
        "polymorphic_ctype": 24,
        "template": 10,
        "notes": "",
        "serialnumber": "2567463348",
        "created_at": "2024-05-01T14:51:53.006Z",
        "created_by": null,
        "updated_at": "2024-05-01T14:51:53.006Z"
    }
},
{
    "model": "backend.item",
    "pk": 49,
    "fields": {
        "polymorphic_ctype": 24,
        "template": 10,
        "notes": "",
        "serialnumber": "8651607172",
        "created_at": "2024-05-01T14:52:02.465Z",
        "created_by": null,
        "updated_at": "2024-05-01T14:52:02.465Z"
    }
},
{
    "model": "backend.item",
    "pk": 50,
    "fields": {
        "polymorphic_ctype": 24,
        "template": 10,
        "notes": "",
        "serialnumber": "6930855227",
        "created_at": "2024-05-01T14:52:10.296Z",
        "created_by": null,
        "updated_at": "2024-05-01T14:52:10.296Z"
    }
},
{
    "model": "backend.item",
    "pk": 51,
    "fields": {
        "polymorphic_ctype": 24,
        "template": 10,
        "notes": "",
        "serialnumber": "676874800",
        "created_at": "2024-05-01T14:52:19.476Z",
        "created_by": null,
        "updated_at": "2024-05-01T14:52:19.476Z"
    }
},
{
    "model": "backend.item",
    "pk": 52,
    "fields": {
        "polymorphic_ctype": 24,
        "template": 10,
        "notes": "",
        "serialnumber": "4848533252",
        "created_at": "2024-05-01T14:52:27.899Z",
        "created_by": null,
        "updated_at": "2024-05-01T14:52:27.899Z"
    }
},
{
    "model": "backend.item",
    "pk": 53,
    "fields": {
        "polymorphic_ctype": 24,
        "template": 10,
        "notes": "",
        "serialnumber": "938102753",
        "created_at": "2024-05-01T14:52:36.660Z",
        "created_by": null,
        "updated_at": "2024-05-01T14:52:36.660Z"
    }
},
{
    "model": "backend.item",
    "pk": 54,
    "fields": {
        "polymorphic_ctype": 24,
        "template": 10,
        "notes": "",
        "serialnumber": "3767853000",
        "created_at": "2024-05-01T14:52:46.252Z",
        "created_by": null,
        "updated_at": "2024-05-01T14:52:46.253Z"
    }
},
{
    "model": "backend.item",
    "pk": 55,
    "fields": {
        "polymorphic_ctype": 24,
        "template": 10,
        "notes": "",
        "serialnumber": "2327032415",
        "created_at": "2024-05-01T14:52:55.442Z",
        "created_by": null,
        "updated_at": "2024-05-01T14:52:55.443Z"
    }
},
{
    "model": "backend.item",
    "pk": 56,
    "fields": {
        "polymorphic_ctype": 24,
        "template": 10,
        "notes": "",
        "serialnumber": "2139222342",
        "created_at": "2024-05-01T14:53:03.091Z",
        "created_by": null,
        "updated_at": "2024-05-01T14:53:03.091Z"
    }
},
{
    "model": "backend.item",
    "pk": 57,
    "fields": {
        "polymorphic_ctype": 22,
        "template": 12,
        "notes": "",
        "serialnumber": "",
        "created_at": "2024-05-01T14:53:24.569Z",
        "created_by": null,
        "updated_at": "2024-05-01T14:53:24.569Z"
    }
},
{
    "model": "backend.item",
    "pk": 58,
    "fields": {
        "polymorphic_ctype": 22,
        "template": 12,
        "notes": "",
        "serialnumber": "",
        "created_at": "2024-05-01T14:53:24.576Z",
        "created_by": null,
        "updated_at": "2024-05-01T14:53:24.576Z"
    }
},
{
    "model": "backend.item",
    "pk": 59,
    "fields": {
        "polymorphic_ctype": 22,
        "template": 12,
        "notes": "",
        "serialnumber": "",
        "created_at": "2024-05-01T14:53:24.579Z",
        "created_by": null,
        "updated_at": "2024-05-01T14:53:24.579Z"
    }
},
{
    "model": "backend.item",
    "pk": 60,
    "fields": {
        "polymorphic_ctype": 22,
        "template": 12,
        "notes": "",
        "serialnumber": "",
        "created_at": "2024-05-01T14:53:24.581Z",
        "created_by": null,
        "updated_at": "2024-05-01T14:53:24.581Z"
    }
},
{
    "model": "backend.item",
    "pk": 61,
    "fields": {
        "polymorphic_ctype": 22,
        "template": 12,
        "notes": "",
        "serialnumber": "",
        "created_at": "2024-05-01T14:53:24.583Z",
        "created_by": null,
        "updated_at": "2024-05-01T14:53:24.583Z"
    }
},
{
    "model": "backend.item",
    "pk": 62,
    "fields": {
        "polymorphic_ctype": 22,
        "template": 12,
        "notes": "",
        "serialnumber": "",
        "created_at": "2024-05-01T14:53:24.585Z",
        "created_by": null,
        "updated_at": "2024-05-01T14:53:24.585Z"
    }
},
{
    "model": "backend.item",
    "pk": 63,
    "fields": {
        "polymorphic_ctype": 22,
        "template": 12,
        "notes": "",
        "serialnumber": "",
        "created_at": "2024-05-01T14:53:24.586Z",
        "created_by": null,
        "updated_at": "2024-05-01T14:53:24.586Z"
    }
},
{
    "model": "backend.item",
    "pk": 64,
    "fields": {
        "polymorphic_ctype": 22,
        "template": 12,
        "notes": "",
        "serialnumber": "",
        "created_at": "2024-05-01T14:53:24.588Z",
        "created_by": null,
        "updated_at": "2024-05-01T14:53:24.588Z"
    }
},
{
    "model": "backend.item",
    "pk": 65,
    "fields": {
        "polymorphic_ctype": 22,
        "template": 12,
        "notes": "",
        "serialnumber": "",
        "created_at": "2024-05-01T14:53:24.590Z",
        "created_by": null,
        "updated_at": "2024-05-01T14:53:24.590Z"
    }
},
{
    "model": "backend.item",
    "pk": 66,
    "fields": {
        "polymorphic_ctype": 22,
        "template": 12,
        "notes": "",
        "serialnumber": "",
        "created_at": "2024-05-01T14:53:24.592Z",
        "created_by": null,
        "updated_at": "2024-05-01T14:53:24.592Z"
    }
},
{
    "model": "backend.item",
    "pk": 67,
    "fields": {
        "polymorphic_ctype": 22,
        "template": 12,
        "notes": "",
        "serialnumber": "",
        "created_at": "2024-05-01T14:53:24.593Z",
        "created_by": null,
        "updated_at": "2024-05-01T14:53:24.593Z"
    }
},
{
    "model": "backend.item",
    "pk": 68,
    "fields": {
        "polymorphic_ctype": 22,
        "template": 12,
        "notes": "",
        "serialnumber": "",
        "created_at": "2024-05-01T14:53:24.595Z",
        "created_by": null,
        "updated_at": "2024-05-01T14:53:24.595Z"
    }
},
{
    "model": "backend.item",
    "pk": 69,
    "fields": {
        "polymorphic_ctype": 22,
        "template": 12,
        "notes": "",
        "serialnumber": "",
        "created_at": "2024-05-01T14:53:24.597Z",
        "created_by": null,
        "updated_at": "2024-05-01T14:53:24.597Z"
    }
},
{
    "model": "backend.item",
    "pk": 70,
    "fields": {
        "polymorphic_ctype": 22,
        "template": 12,
        "notes": "",
        "serialnumber": "",
        "created_at": "2024-05-01T14:53:24.598Z",
        "created_by": null,
        "updated_at": "2024-05-01T14:53:24.598Z"
    }
},
{
    "model": "backend.item",
    "pk": 71,
    "fields": {
        "polymorphic_ctype": 22,
        "template": 12,
        "notes": "",
        "serialnumber": "",
        "created_at": "2024-05-01T14:53:24.600Z",
        "created_by": null,
        "updated_at": "2024-05-01T14:53:24.600Z"
    }
},
{
    "model": "backend.item",
    "pk": 72,
    "fields": {
        "polymorphic_ctype": 22,
        "template": 12,
        "notes": "",
        "serialnumber": "",
        "created_at": "2024-05-01T14:53:24.602Z",
        "created_by": null,
        "updated_at": "2024-05-01T14:53:24.602Z"
    }
},
{
    "model": "backend.item",
    "pk": 73,
    "fields": {
        "polymorphic_ctype": 22,
        "template": 12,
        "notes": "",
        "serialnumber": "",
        "created_at": "2024-05-01T14:53:24.604Z",
        "created_by": null,
        "updated_at": "2024-05-01T14:53:24.604Z"
    }
},
{
    "model": "backend.item",
    "pk": 74,
    "fields": {
        "polymorphic_ctype": 22,
        "template": 12,
        "notes": "",
        "serialnumber": "",
        "created_at": "2024-05-01T14:53:24.606Z",
        "created_by": null,
        "updated_at": "2024-05-01T14:53:24.606Z"
    }
},
{
    "model": "backend.item",
    "pk": 75,
    "fields": {
        "polymorphic_ctype": 22,
        "template": 12,
        "notes": "",
        "serialnumber": "",
        "created_at": "2024-05-01T14:53:24.608Z",
        "created_by": null,
        "updated_at": "2024-05-01T14:53:24.608Z"
    }
},
{
    "model": "backend.item",
    "pk": 76,
    "fields": {
        "polymorphic_ctype": 22,
        "template": 12,
        "notes": "",
        "serialnumber": "",
        "created_at": "2024-05-01T14:53:24.609Z",
        "created_by": null,
        "updated_at": "2024-05-01T14:53:24.609Z"
    }
},
{
    "model": "backend.item",
    "pk": 77,
    "fields": {
        "polymorphic_ctype": 22,
        "template": 12,
        "notes": "",
        "serialnumber": "",
        "created_at": "2024-05-01T14:53:24.611Z",
        "created_by": null,
        "updated_at": "2024-05-01T14:53:24.611Z"
    }
},
{
    "model": "backend.item",
    "pk": 78,
    "fields": {
        "polymorphic_ctype": 22,
        "template": 12,
        "notes": "",
        "serialnumber": "",
        "created_at": "2024-05-01T14:53:24.613Z",
        "created_by": null,
        "updated_at": "2024-05-01T14:53:24.613Z"
    }
},
{
    "model": "backend.item",
    "pk": 79,
    "fields": {
        "polymorphic_ctype": 22,
        "template": 12,
        "notes": "",
        "serialnumber": "",
        "created_at": "2024-05-01T14:53:24.614Z",
        "created_by": null,
        "updated_at": "2024-05-01T14:53:24.614Z"
    }
},
{
    "model": "backend.item",
    "pk": 80,
    "fields": {
        "polymorphic_ctype": 22,
        "template": 12,
        "notes": "",
        "serialnumber": "",
        "created_at": "2024-05-01T14:53:24.616Z",
        "created_by": null,
        "updated_at": "2024-05-01T14:53:24.616Z"
    }
},
{
    "model": "backend.item",
    "pk": 81,
    "fields": {
        "polymorphic_ctype": 22,
        "template": 12,
        "notes": "",
        "serialnumber": "",
        "created_at": "2024-05-01T14:53:24.618Z",
        "created_by": null,
        "updated_at": "2024-05-01T14:53:24.618Z"
    }
},
{
    "model": "backend.item",
    "pk": 82,
    "fields": {
        "polymorphic_ctype": 22,
        "template": 13,
        "notes": "",
        "serialnumber": "",
        "created_at": "2024-05-01T14:53:33.434Z",
        "created_by": null,
        "updated_at": "2024-05-01T14:53:33.434Z"
    }
},
{
    "model": "backend.item",
    "pk": 83,
    "fields": {
        "polymorphic_ctype": 22,
        "template": 13,
        "notes": "",
        "serialnumber": "",
        "created_at": "2024-05-01T14:53:33.441Z",
        "created_by": null,
        "updated_at": "2024-05-01T14:53:33.441Z"
    }
},
{
    "model": "backend.item",
    "pk": 84,
    "fields": {
        "polymorphic_ctype": 22,
        "template": 13,
        "notes": "",
        "serialnumber": "",
        "created_at": "2024-05-01T14:53:33.445Z",
        "created_by": null,
        "updated_at": "2024-05-01T14:53:33.445Z"
    }
},
{
    "model": "backend.item",
    "pk": 85,
    "fields": {
        "polymorphic_ctype": 22,
        "template": 13,
        "notes": "",
        "serialnumber": "",
        "created_at": "2024-05-01T14:53:33.447Z",
        "created_by": null,
        "updated_at": "2024-05-01T14:53:33.447Z"
    }
},
{
    "model": "backend.item",
    "pk": 86,
    "fields": {
        "polymorphic_ctype": 22,
        "template": 13,
        "notes": "",
        "serialnumber": "",
        "created_at": "2024-05-01T14:53:33.449Z",
        "created_by": null,
        "updated_at": "2024-05-01T14:53:33.449Z"
    }
},
{
    "model": "backend.item",
    "pk": 87,
    "fields": {
        "polymorphic_ctype": 22,
        "template": 13,
        "notes": "",
        "serialnumber": "",
        "created_at": "2024-05-01T14:53:33.452Z",
        "created_by": null,
        "updated_at": "2024-05-01T14:53:33.452Z"
    }
},
{
    "model": "backend.item",
    "pk": 88,
    "fields": {
        "polymorphic_ctype": 22,
        "template": 13,
        "notes": "",
        "serialnumber": "",
        "created_at": "2024-05-01T14:53:33.455Z",
        "created_by": null,
        "updated_at": "2024-05-01T14:53:33.455Z"
    }
},
{
    "model": "backend.item",
    "pk": 89,
    "fields": {
        "polymorphic_ctype": 22,
        "template": 13,
        "notes": "",
        "serialnumber": "",
        "created_at": "2024-05-01T14:53:33.457Z",
        "created_by": null,
        "updated_at": "2024-05-01T14:53:33.457Z"
    }
},
{
    "model": "backend.item",
    "pk": 90,
    "fields": {
        "polymorphic_ctype": 22,
        "template": 13,
        "notes": "",
        "serialnumber": "",
        "created_at": "2024-05-01T14:53:33.459Z",
        "created_by": null,
        "updated_at": "2024-05-01T14:53:33.459Z"
    }
},
{
    "model": "backend.item",
    "pk": 91,
    "fields": {
        "polymorphic_ctype": 22,
        "template": 13,
        "notes": "",
        "serialnumber": "",
        "created_at": "2024-05-01T14:53:33.461Z",
        "created_by": null,
        "updated_at": "2024-05-01T14:53:33.461Z"
    }
},
{
    "model": "backend.item",
    "pk": 92,
    "fields": {
        "polymorphic_ctype": 22,
        "template": 14,
        "notes": "",
        "serialnumber": "",
        "created_at": "2024-05-01T14:53:44.583Z",
        "created_by": null,
        "updated_at": "2024-05-01T14:53:44.583Z"
    }
},
{
    "model": "backend.item",
    "pk": 93,
    "fields": {
        "polymorphic_ctype": 22,
        "template": 14,
        "notes": "",
        "serialnumber": "",
        "created_at": "2024-05-01T14:53:44.589Z",
        "created_by": null,
        "updated_at": "2024-05-01T14:53:44.589Z"
    }
},
{
    "model": "backend.item",
    "pk": 94,
    "fields": {
        "polymorphic_ctype": 22,
        "template": 14,
        "notes": "",
        "serialnumber": "",
        "created_at": "2024-05-01T14:53:44.591Z",
        "created_by": null,
        "updated_at": "2024-05-01T14:53:44.591Z"
    }
},
{
    "model": "backend.item",
    "pk": 95,
    "fields": {
        "polymorphic_ctype": 22,
        "template": 14,
        "notes": "",
        "serialnumber": "",
        "created_at": "2024-05-01T14:53:44.593Z",
        "created_by": null,
        "updated_at": "2024-05-01T14:53:44.593Z"
    }
},
{
    "model": "backend.item",
    "pk": 96,
    "fields": {
        "polymorphic_ctype": 22,
        "template": 14,
        "notes": "",
        "serialnumber": "",
        "created_at": "2024-05-01T14:53:44.594Z",
        "created_by": null,
        "updated_at": "2024-05-01T14:53:44.594Z"
    }
},
{
    "model": "backend.item",
    "pk": 97,
    "fields": {
        "polymorphic_ctype": 22,
        "template": 14,
        "notes": "",
        "serialnumber": "",
        "created_at": "2024-05-01T14:53:44.596Z",
        "created_by": null,
        "updated_at": "2024-05-01T14:53:44.596Z"
    }
},
{
    "model": "backend.item",
    "pk": 98,
    "fields": {
        "polymorphic_ctype": 22,
        "template": 14,
        "notes": "",
        "serialnumber": "",
        "created_at": "2024-05-01T14:53:44.598Z",
        "created_by": null,
        "updated_at": "2024-05-01T14:53:44.598Z"
    }
},
{
    "model": "backend.item",
    "pk": 99,
    "fields": {
        "polymorphic_ctype": 22,
        "template": 14,
        "notes": "",
        "serialnumber": "",
        "created_at": "2024-05-01T14:53:44.600Z",
        "created_by": null,
        "updated_at": "2024-05-01T14:53:44.600Z"
    }
},
{
    "model": "backend.item",
    "pk": 100,
    "fields": {
        "polymorphic_ctype": 22,
        "template": 14,
        "notes": "",
        "serialnumber": "",
        "created_at": "2024-05-01T14:53:44.601Z",
        "created_by": null,
        "updated_at": "2024-05-01T14:53:44.601Z"
    }
},
{
    "model": "backend.item",
    "pk": 101,
    "fields": {
        "polymorphic_ctype": 22,
        "template": 14,
        "notes": "",
        "serialnumber": "",
        "created_at": "2024-05-01T14:53:44.603Z",
        "created_by": null,
        "updated_at": "2024-05-01T14:53:44.603Z"
    }
},
{
    "model": "backend.item",
    "pk": 102,
    "fields": {
        "polymorphic_ctype": 22,
        "template": 14,
        "notes": "",
        "serialnumber": "",
        "created_at": "2024-05-01T14:53:44.605Z",
        "created_by": null,
        "updated_at": "2024-05-01T14:53:44.605Z"
    }
},
{
    "model": "backend.item",
    "pk": 103,
    "fields": {
        "polymorphic_ctype": 22,
        "template": 14,
        "notes": "",
        "serialnumber": "",
        "created_at": "2024-05-01T14:53:44.606Z",
        "created_by": null,
        "updated_at": "2024-05-01T14:53:44.606Z"
    }
},
{
    "model": "backend.item",
    "pk": 104,
    "fields": {
        "polymorphic_ctype": 22,
        "template": 14,
        "notes": "",
        "serialnumber": "",
        "created_at": "2024-05-01T14:53:44.608Z",
        "created_by": null,
        "updated_at": "2024-05-01T14:53:44.608Z"
    }
},
{
    "model": "backend.item",
    "pk": 105,
    "fields": {
        "polymorphic_ctype": 22,
        "template": 14,
        "notes": "",
        "serialnumber": "",
        "created_at": "2024-05-01T14:53:44.610Z",
        "created_by": null,
        "updated_at": "2024-05-01T14:53:44.610Z"
    }
},
{
    "model": "backend.item",
    "pk": 106,
    "fields": {
        "polymorphic_ctype": 22,
        "template": 14,
        "notes": "",
        "serialnumber": "",
        "created_at": "2024-05-01T14:53:44.612Z",
        "created_by": null,
        "updated_at": "2024-05-01T14:53:44.612Z"
    }
},
{
    "model": "backend.item",
    "pk": 107,
    "fields": {
        "polymorphic_ctype": 22,
        "template": 14,
        "notes": "",
        "serialnumber": "",
        "created_at": "2024-05-01T14:53:44.613Z",
        "created_by": null,
        "updated_at": "2024-05-01T14:53:44.613Z"
    }
},
{
    "model": "backend.item",
    "pk": 108,
    "fields": {
        "polymorphic_ctype": 22,
        "template": 14,
        "notes": "",
        "serialnumber": "",
        "created_at": "2024-05-01T14:53:44.615Z",
        "created_by": null,
        "updated_at": "2024-05-01T14:53:44.615Z"
    }
},
{
    "model": "backend.item",
    "pk": 109,
    "fields": {
        "polymorphic_ctype": 22,
        "template": 14,
        "notes": "",
        "serialnumber": "",
        "created_at": "2024-05-01T14:53:44.617Z",
        "created_by": null,
        "updated_at": "2024-05-01T14:53:44.617Z"
    }
},
{
    "model": "backend.item",
    "pk": 110,
    "fields": {
        "polymorphic_ctype": 22,
        "template": 14,
        "notes": "",
        "serialnumber": "",
        "created_at": "2024-05-01T14:53:44.618Z",
        "created_by": null,
        "updated_at": "2024-05-01T14:53:44.618Z"
    }
},
{
    "model": "backend.item",
    "pk": 111,
    "fields": {
        "polymorphic_ctype": 22,
        "template": 14,
        "notes": "",
        "serialnumber": "",
        "created_at": "2024-05-01T14:53:44.620Z",
        "created_by": null,
        "updated_at": "2024-05-01T14:53:44.620Z"
    }
},
{
    "model": "backend.item",
    "pk": 112,
    "fields": {
        "polymorphic_ctype": 22,
        "template": 14,
        "notes": "",
        "serialnumber": "",
        "created_at": "2024-05-01T14:53:44.622Z",
        "created_by": null,
        "updated_at": "2024-05-01T14:53:44.622Z"
    }
},
{
    "model": "backend.item",
    "pk": 113,
    "fields": {
        "polymorphic_ctype": 22,
        "template": 14,
        "notes": "",
        "serialnumber": "",
        "created_at": "2024-05-01T14:53:44.624Z",
        "created_by": null,
        "updated_at": "2024-05-01T14:53:44.624Z"
    }
},
{
    "model": "backend.item",
    "pk": 114,
    "fields": {
        "polymorphic_ctype": 22,
        "template": 14,
        "notes": "",
        "serialnumber": "",
        "created_at": "2024-05-01T14:53:44.625Z",
        "created_by": null,
        "updated_at": "2024-05-01T14:53:44.625Z"
    }
},
{
    "model": "backend.item",
    "pk": 115,
    "fields": {
        "polymorphic_ctype": 22,
        "template": 14,
        "notes": "",
        "serialnumber": "",
        "created_at": "2024-05-01T14:53:44.627Z",
        "created_by": null,
        "updated_at": "2024-05-01T14:53:44.627Z"
    }
},
{
    "model": "backend.item",
    "pk": 116,
    "fields": {
        "polymorphic_ctype": 22,
        "template": 14,
        "notes": "",
        "serialnumber": "",
        "created_at": "2024-05-01T14:53:44.629Z",
        "created_by": null,
        "updated_at": "2024-05-01T14:53:44.629Z"
    }
},
{
    "model": "backend.item",
    "pk": 117,
    "fields": {
        "polymorphic_ctype": 22,
        "template": 15,
        "notes": "",
        "serialnumber": "",
        "created_at": "2024-05-01T14:53:54.468Z",
        "created_by": null,
        "updated_at": "2024-05-01T14:53:54.468Z"
    }
},
{
    "model": "backend.item",
    "pk": 118,
    "fields": {
        "polymorphic_ctype": 22,
        "template": 15,
        "notes": "",
        "serialnumber": "",
        "created_at": "2024-05-01T14:53:54.472Z",
        "created_by": null,
        "updated_at": "2024-05-01T14:53:54.472Z"
    }
},
{
    "model": "backend.item",
    "pk": 119,
    "fields": {
        "polymorphic_ctype": 22,
        "template": 15,
        "notes": "",
        "serialnumber": "",
        "created_at": "2024-05-01T14:53:54.475Z",
        "created_by": null,
        "updated_at": "2024-05-01T14:53:54.475Z"
    }
},
{
    "model": "backend.item",
    "pk": 120,
    "fields": {
        "polymorphic_ctype": 22,
        "template": 15,
        "notes": "",
        "serialnumber": "",
        "created_at": "2024-05-01T14:53:54.478Z",
        "created_by": null,
        "updated_at": "2024-05-01T14:53:54.478Z"
    }
},
{
    "model": "backend.item",
    "pk": 121,
    "fields": {
        "polymorphic_ctype": 22,
        "template": 15,
        "notes": "",
        "serialnumber": "",
        "created_at": "2024-05-01T14:53:54.481Z",
        "created_by": null,
        "updated_at": "2024-05-01T14:53:54.481Z"
    }
},
{
    "model": "backend.item",
    "pk": 122,
    "fields": {
        "polymorphic_ctype": 22,
        "template": 15,
        "notes": "",
        "serialnumber": "",
        "created_at": "2024-05-01T14:53:54.483Z",
        "created_by": null,
        "updated_at": "2024-05-01T14:53:54.483Z"
    }
},
{
    "model": "backend.item",
    "pk": 123,
    "fields": {
        "polymorphic_ctype": 22,
        "template": 15,
        "notes": "",
        "serialnumber": "",
        "created_at": "2024-05-01T14:53:54.484Z",
        "created_by": null,
        "updated_at": "2024-05-01T14:53:54.484Z"
    }
},
{
    "model": "backend.item",
    "pk": 124,
    "fields": {
        "polymorphic_ctype": 22,
        "template": 15,
        "notes": "",
        "serialnumber": "",
        "created_at": "2024-05-01T14:53:54.486Z",
        "created_by": null,
        "updated_at": "2024-05-01T14:53:54.486Z"
    }
},
{
    "model": "backend.item",
    "pk": 125,
    "fields": {
        "polymorphic_ctype": 22,
        "template": 16,
        "notes": "",
        "serialnumber": "",
        "created_at": "2024-05-01T14:54:01.798Z",
        "created_by": null,
        "updated_at": "2024-05-01T14:54:01.798Z"
    }
},
{
    "model": "backend.item",
    "pk": 126,
    "fields": {
        "polymorphic_ctype": 22,
        "template": 16,
        "notes": "",
        "serialnumber": "",
        "created_at": "2024-05-01T14:54:01.803Z",
        "created_by": null,
        "updated_at": "2024-05-01T14:54:01.803Z"
    }
},
{
    "model": "backend.item",
    "pk": 127,
    "fields": {
        "polymorphic_ctype": 22,
        "template": 16,
        "notes": "",
        "serialnumber": "",
        "created_at": "2024-05-01T14:54:01.805Z",
        "created_by": null,
        "updated_at": "2024-05-01T14:54:01.805Z"
    }
},
{
    "model": "backend.item",
    "pk": 128,
    "fields": {
        "polymorphic_ctype": 22,
        "template": 16,
        "notes": "",
        "serialnumber": "",
        "created_at": "2024-05-01T14:54:01.807Z",
        "created_by": null,
        "updated_at": "2024-05-01T14:54:01.807Z"
    }
},
{
    "model": "backend.item",
    "pk": 129,
    "fields": {
        "polymorphic_ctype": 22,
        "template": 16,
        "notes": "",
        "serialnumber": "",
        "created_at": "2024-05-01T14:54:01.810Z",
        "created_by": null,
        "updated_at": "2024-05-01T14:54:01.810Z"
    }
},
{
    "model": "backend.item",
    "pk": 130,
    "fields": {
        "polymorphic_ctype": 22,
        "template": 16,
        "notes": "",
        "serialnumber": "",
        "created_at": "2024-05-01T14:54:01.812Z",
        "created_by": null,
        "updated_at": "2024-05-01T14:54:01.812Z"
    }
},
{
    "model": "backend.item",
    "pk": 131,
    "fields": {
        "polymorphic_ctype": 22,
        "template": 17,
        "notes": "",
        "serialnumber": "",
        "created_at": "2024-05-01T14:54:08.669Z",
        "created_by": null,
        "updated_at": "2024-05-01T14:54:08.669Z"
    }
},
{
    "model": "backend.item",
    "pk": 132,
    "fields": {
        "polymorphic_ctype": 22,
        "template": 17,
        "notes": "",
        "serialnumber": "",
        "created_at": "2024-05-01T14:54:08.674Z",
        "created_by": null,
        "updated_at": "2024-05-01T14:54:08.674Z"
    }
},
{
    "model": "backend.item",
    "pk": 133,
    "fields": {
        "polymorphic_ctype": 22,
        "template": 19,
        "notes": "",
        "serialnumber": "",
        "created_at": "2024-05-01T14:54:16.524Z",
        "created_by": null,
        "updated_at": "2024-05-01T14:54:16.524Z"
    }
},
{
    "model": "backend.item",
    "pk": 134,
    "fields": {
        "polymorphic_ctype": 22,
        "template": 19,
        "notes": "",
        "serialnumber": "",
        "created_at": "2024-05-01T14:54:16.530Z",
        "created_by": null,
        "updated_at": "2024-05-01T14:54:16.530Z"
    }
},
{
    "model": "backend.item",
    "pk": 135,
    "fields": {
        "polymorphic_ctype": 22,
        "template": 19,
        "notes": "",
        "serialnumber": "",
        "created_at": "2024-05-01T14:54:16.533Z",
        "created_by": null,
        "updated_at": "2024-05-01T14:54:16.533Z"
    }
},
{
    "model": "backend.item",
    "pk": 136,
    "fields": {
        "polymorphic_ctype": 22,
        "template": 19,
        "notes": "",
        "serialnumber": "",
        "created_at": "2024-05-01T14:54:16.535Z",
        "created_by": null,
        "updated_at": "2024-05-01T14:54:16.535Z"
    }
},
{
    "model": "backend.item",
    "pk": 137,
    "fields": {
        "polymorphic_ctype": 22,
        "template": 19,
        "notes": "",
        "serialnumber": "",
        "created_at": "2024-05-01T14:54:16.536Z",
        "created_by": null,
        "updated_at": "2024-05-01T14:54:16.537Z"
    }
},
{
    "model": "backend.item",
    "pk": 138,
    "fields": {
        "polymorphic_ctype": 22,
        "template": 19,
        "notes": "",
        "serialnumber": "",
        "created_at": "2024-05-01T14:54:16.538Z",
        "created_by": null,
        "updated_at": "2024-05-01T14:54:16.538Z"
    }
},
{
    "model": "backend.item",
    "pk": 139,
    "fields": {
        "polymorphic_ctype": 22,
        "template": 19,
        "notes": "",
        "serialnumber": "",
        "created_at": "2024-05-01T14:54:16.540Z",
        "created_by": null,
        "updated_at": "2024-05-01T14:54:16.540Z"
    }
},
{
    "model": "backend.item",
    "pk": 140,
    "fields": {
        "polymorphic_ctype": 22,
        "template": 19,
        "notes": "",
        "serialnumber": "",
        "created_at": "2024-05-01T14:54:16.542Z",
        "created_by": null,
        "updated_at": "2024-05-01T14:54:16.542Z"
    }
},
{
    "model": "backend.item",
    "pk": 141,
    "fields": {
        "polymorphic_ctype": 22,
        "template": 19,
        "notes": "",
        "serialnumber": "",
        "created_at": "2024-05-01T14:54:16.544Z",
        "created_by": null,
        "updated_at": "2024-05-01T14:54:16.544Z"
    }
},
{
    "model": "backend.item",
    "pk": 142,
    "fields": {
        "polymorphic_ctype": 22,
        "template": 19,
        "notes": "",
        "serialnumber": "",
        "created_at": "2024-05-01T14:54:16.546Z",
        "created_by": null,
        "updated_at": "2024-05-01T14:54:16.546Z"
    }
},
{
    "model": "backend.item",
    "pk": 143,
    "fields": {
        "polymorphic_ctype": 22,
        "template": 19,
        "notes": "",
        "serialnumber": "",
        "created_at": "2024-05-01T14:54:16.548Z",
        "created_by": null,
        "updated_at": "2024-05-01T14:54:16.548Z"
    }
},
{
    "model": "backend.item",
    "pk": 144,
    "fields": {
        "polymorphic_ctype": 22,
        "template": 19,
        "notes": "",
        "serialnumber": "",
        "created_at": "2024-05-01T14:54:16.549Z",
        "created_by": null,
        "updated_at": "2024-05-01T14:54:16.549Z"
    }
},
{
    "model": "backend.item",
    "pk": 145,
    "fields": {
        "polymorphic_ctype": 22,
        "template": 19,
        "notes": "",
        "serialnumber": "",
        "created_at": "2024-05-01T14:54:16.551Z",
        "created_by": null,
        "updated_at": "2024-05-01T14:54:16.551Z"
    }
},
{
    "model": "backend.item",
    "pk": 146,
    "fields": {
        "polymorphic_ctype": 22,
        "template": 19,
        "notes": "",
        "serialnumber": "",
        "created_at": "2024-05-01T14:54:16.553Z",
        "created_by": null,
        "updated_at": "2024-05-01T14:54:16.553Z"
    }
},
{
    "model": "backend.item",
    "pk": 147,
    "fields": {
        "polymorphic_ctype": 22,
        "template": 19,
        "notes": "",
        "serialnumber": "",
        "created_at": "2024-05-01T14:54:16.555Z",
        "created_by": null,
        "updated_at": "2024-05-01T14:54:16.555Z"
    }
},
{
    "model": "backend.item",
    "pk": 148,
    "fields": {
        "polymorphic_ctype": 22,
        "template": 19,
        "notes": "",
        "serialnumber": "",
        "created_at": "2024-05-01T14:54:16.557Z",
        "created_by": null,
        "updated_at": "2024-05-01T14:54:16.557Z"
    }
},
{
    "model": "backend.item",
    "pk": 149,
    "fields": {
        "polymorphic_ctype": 22,
        "template": 19,
        "notes": "",
        "serialnumber": "",
        "created_at": "2024-05-01T14:54:16.559Z",
        "created_by": null,
        "updated_at": "2024-05-01T14:54:16.559Z"
    }
},
{
    "model": "backend.item",
    "pk": 150,
    "fields": {
        "polymorphic_ctype": 22,
        "template": 19,
        "notes": "",
        "serialnumber": "",
        "created_at": "2024-05-01T14:54:16.561Z",
        "created_by": null,
        "updated_at": "2024-05-01T14:54:16.561Z"
    }
},
{
    "model": "backend.item",
    "pk": 151,
    "fields": {
        "polymorphic_ctype": 22,
        "template": 19,
        "notes": "",
        "serialnumber": "",
        "created_at": "2024-05-01T14:54:16.562Z",
        "created_by": null,
        "updated_at": "2024-05-01T14:54:16.562Z"
    }
},
{
    "model": "backend.item",
    "pk": 152,
    "fields": {
        "polymorphic_ctype": 22,
        "template": 19,
        "notes": "",
        "serialnumber": "",
        "created_at": "2024-05-01T14:54:16.564Z",
        "created_by": null,
        "updated_at": "2024-05-01T14:54:16.564Z"
    }
},
{
    "model": "backend.item",
    "pk": 153,
    "fields": {
        "polymorphic_ctype": 22,
        "template": 20,
        "notes": "",
        "serialnumber": "",
        "created_at": "2024-05-01T14:54:30.763Z",
        "created_by": null,
        "updated_at": "2024-05-01T14:54:30.763Z"
    }
},
{
    "model": "backend.item",
    "pk": 154,
    "fields": {
        "polymorphic_ctype": 22,
        "template": 20,
        "notes": "",
        "serialnumber": "",
        "created_at": "2024-05-01T14:54:30.767Z",
        "created_by": null,
        "updated_at": "2024-05-01T14:54:30.767Z"
    }
},
{
    "model": "backend.item",
    "pk": 155,
    "fields": {
        "polymorphic_ctype": 22,
        "template": 20,
        "notes": "",
        "serialnumber": "",
        "created_at": "2024-05-01T14:54:30.770Z",
        "created_by": null,
        "updated_at": "2024-05-01T14:54:30.770Z"
    }
},
{
    "model": "backend.item",
    "pk": 156,
    "fields": {
        "polymorphic_ctype": 22,
        "template": 20,
        "notes": "",
        "serialnumber": "",
        "created_at": "2024-05-01T14:54:30.774Z",
        "created_by": null,
        "updated_at": "2024-05-01T14:54:30.774Z"
    }
},
{
    "model": "backend.item",
    "pk": 157,
    "fields": {
        "polymorphic_ctype": 22,
        "template": 20,
        "notes": "",
        "serialnumber": "",
        "created_at": "2024-05-01T14:54:30.776Z",
        "created_by": null,
        "updated_at": "2024-05-01T14:54:30.776Z"
    }
},
{
    "model": "backend.item",
    "pk": 158,
    "fields": {
        "polymorphic_ctype": 22,
        "template": 21,
        "notes": "",
        "serialnumber": "",
        "created_at": "2024-05-01T14:54:39.274Z",
        "created_by": null,
        "updated_at": "2024-05-01T14:54:39.274Z"
    }
},
{
    "model": "backend.item",
    "pk": 159,
    "fields": {
        "polymorphic_ctype": 22,
        "template": 22,
        "notes": "",
        "serialnumber": "",
        "created_at": "2024-05-01T14:54:45.671Z",
        "created_by": null,
        "updated_at": "2024-05-01T14:54:45.671Z"
    }
},
{
    "model": "backend.item",
    "pk": 160,
    "fields": {
        "polymorphic_ctype": 22,
        "template": 23,
        "notes": "",
        "serialnumber": "",
        "created_at": "2024-05-01T14:54:54.824Z",
        "created_by": null,
        "updated_at": "2024-05-01T14:54:54.824Z"
    }
},
{
    "model": "backend.item",
    "pk": 161,
    "fields": {
        "polymorphic_ctype": 22,
        "template": 26,
        "notes": "",
        "serialnumber": "",
        "created_at": "2024-05-01T14:55:11.150Z",
        "created_by": null,
        "updated_at": "2024-05-01T14:55:11.150Z"
    }
},
{
    "model": "backend.item",
    "pk": 162,
    "fields": {
        "polymorphic_ctype": 22,
        "template": 26,
        "notes": "",
        "serialnumber": "",
        "created_at": "2024-05-01T14:55:11.155Z",
        "created_by": null,
        "updated_at": "2024-05-01T14:55:11.155Z"
    }
},
{
    "model": "backend.item",
    "pk": 163,
    "fields": {
        "polymorphic_ctype": 22,
        "template": 26,
        "notes": "",
        "serialnumber": "",
        "created_at": "2024-05-01T14:55:11.158Z",
        "created_by": null,
        "updated_at": "2024-05-01T14:55:11.158Z"
    }
},
{
    "model": "backend.item",
    "pk": 164,
    "fields": {
        "polymorphic_ctype": 22,
        "template": 26,
        "notes": "",
        "serialnumber": "",
        "created_at": "2024-05-01T14:55:11.161Z",
        "created_by": null,
        "updated_at": "2024-05-01T14:55:11.161Z"
    }
},
{
    "model": "backend.item",
    "pk": 165,
    "fields": {
        "polymorphic_ctype": 22,
        "template": 26,
        "notes": "",
        "serialnumber": "",
        "created_at": "2024-05-01T14:55:11.164Z",
        "created_by": null,
        "updated_at": "2024-05-01T14:55:11.164Z"
    }
},
{
    "model": "backend.item",
    "pk": 166,
    "fields": {
        "polymorphic_ctype": 22,
        "template": 26,
        "notes": "",
        "serialnumber": "",
        "created_at": "2024-05-01T14:55:11.167Z",
        "created_by": null,
        "updated_at": "2024-05-01T14:55:11.167Z"
    }
},
{
    "model": "backend.item",
    "pk": 167,
    "fields": {
        "polymorphic_ctype": 22,
        "template": 26,
        "notes": "",
        "serialnumber": "",
        "created_at": "2024-05-01T14:55:11.169Z",
        "created_by": null,
        "updated_at": "2024-05-01T14:55:11.169Z"
    }
},
{
    "model": "backend.item",
    "pk": 168,
    "fields": {
        "polymorphic_ctype": 22,
        "template": 26,
        "notes": "",
        "serialnumber": "",
        "created_at": "2024-05-01T14:55:11.171Z",
        "created_by": null,
        "updated_at": "2024-05-01T14:55:11.171Z"
    }
},
{
    "model": "backend.item",
    "pk": 169,
    "fields": {
        "polymorphic_ctype": 22,
        "template": 26,
        "notes": "",
        "serialnumber": "",
        "created_at": "2024-05-01T14:55:11.173Z",
        "created_by": null,
        "updated_at": "2024-05-01T14:55:11.173Z"
    }
},
{
    "model": "backend.item",
    "pk": 170,
    "fields": {
        "polymorphic_ctype": 22,
        "template": 26,
        "notes": "",
        "serialnumber": "",
        "created_at": "2024-05-01T14:55:11.174Z",
        "created_by": null,
        "updated_at": "2024-05-01T14:55:11.174Z"
    }
},
{
    "model": "backend.item",
    "pk": 171,
    "fields": {
        "polymorphic_ctype": 22,
        "template": 26,
        "notes": "",
        "serialnumber": "",
        "created_at": "2024-05-01T14:55:11.176Z",
        "created_by": null,
        "updated_at": "2024-05-01T14:55:11.176Z"
    }
},
{
    "model": "backend.item",
    "pk": 172,
    "fields": {
        "polymorphic_ctype": 22,
        "template": 26,
        "notes": "",
        "serialnumber": "",
        "created_at": "2024-05-01T14:55:11.178Z",
        "created_by": null,
        "updated_at": "2024-05-01T14:55:11.178Z"
    }
},
{
    "model": "backend.item",
    "pk": 173,
    "fields": {
        "polymorphic_ctype": 22,
        "template": 26,
        "notes": "",
        "serialnumber": "",
        "created_at": "2024-05-01T14:55:11.180Z",
        "created_by": null,
        "updated_at": "2024-05-01T14:55:11.180Z"
    }
},
{
    "model": "backend.item",
    "pk": 174,
    "fields": {
        "polymorphic_ctype": 22,
        "template": 26,
        "notes": "",
        "serialnumber": "",
        "created_at": "2024-05-01T14:55:11.181Z",
        "created_by": null,
        "updated_at": "2024-05-01T14:55:11.181Z"
    }
},
{
    "model": "backend.item",
    "pk": 175,
    "fields": {
        "polymorphic_ctype": 22,
        "template": 26,
        "notes": "",
        "serialnumber": "",
        "created_at": "2024-05-01T14:55:11.183Z",
        "created_by": null,
        "updated_at": "2024-05-01T14:55:11.183Z"
    }
},
{
    "model": "backend.item",
    "pk": 176,
    "fields": {
        "polymorphic_ctype": 22,
        "template": 26,
        "notes": "",
        "serialnumber": "",
        "created_at": "2024-05-01T14:55:11.185Z",
        "created_by": null,
        "updated_at": "2024-05-01T14:55:11.185Z"
    }
},
{
    "model": "backend.item",
    "pk": 177,
    "fields": {
        "polymorphic_ctype": 22,
        "template": 26,
        "notes": "",
        "serialnumber": "",
        "created_at": "2024-05-01T14:55:11.186Z",
        "created_by": null,
        "updated_at": "2024-05-01T14:55:11.186Z"
    }
},
{
    "model": "backend.item",
    "pk": 178,
    "fields": {
        "polymorphic_ctype": 22,
        "template": 26,
        "notes": "",
        "serialnumber": "",
        "created_at": "2024-05-01T14:55:11.188Z",
        "created_by": null,
        "updated_at": "2024-05-01T14:55:11.188Z"
    }
},
{
    "model": "backend.item",
    "pk": 179,
    "fields": {
        "polymorphic_ctype": 22,
        "template": 26,
        "notes": "",
        "serialnumber": "",
        "created_at": "2024-05-01T14:55:11.190Z",
        "created_by": null,
        "updated_at": "2024-05-01T14:55:11.190Z"
    }
},
{
    "model": "backend.item",
    "pk": 180,
    "fields": {
        "polymorphic_ctype": 22,
        "template": 26,
        "notes": "",
        "serialnumber": "",
        "created_at": "2024-05-01T14:55:11.192Z",
        "created_by": null,
        "updated_at": "2024-05-01T14:55:11.192Z"
    }
},
{
    "model": "backend.item",
    "pk": 181,
    "fields": {
        "polymorphic_ctype": 22,
        "template": 26,
        "notes": "",
        "serialnumber": "",
        "created_at": "2024-05-01T14:55:11.194Z",
        "created_by": null,
        "updated_at": "2024-05-01T14:55:11.194Z"
    }
},
{
    "model": "backend.item",
    "pk": 182,
    "fields": {
        "polymorphic_ctype": 22,
        "template": 26,
        "notes": "",
        "serialnumber": "",
        "created_at": "2024-05-01T14:55:11.196Z",
        "created_by": null,
        "updated_at": "2024-05-01T14:55:11.196Z"
    }
},
{
    "model": "backend.item",
    "pk": 183,
    "fields": {
        "polymorphic_ctype": 22,
        "template": 26,
        "notes": "",
        "serialnumber": "",
        "created_at": "2024-05-01T14:55:11.198Z",
        "created_by": null,
        "updated_at": "2024-05-01T14:55:11.198Z"
    }
},
{
    "model": "backend.item",
    "pk": 184,
    "fields": {
        "polymorphic_ctype": 22,
        "template": 26,
        "notes": "",
        "serialnumber": "",
        "created_at": "2024-05-01T14:55:11.200Z",
        "created_by": null,
        "updated_at": "2024-05-01T14:55:11.200Z"
    }
},
{
    "model": "backend.item",
    "pk": 185,
    "fields": {
        "polymorphic_ctype": 22,
        "template": 26,
        "notes": "",
        "serialnumber": "",
        "created_at": "2024-05-01T14:55:11.201Z",
        "created_by": null,
        "updated_at": "2024-05-01T14:55:11.201Z"
    }
},
{
    "model": "backend.item",
    "pk": 186,
    "fields": {
        "polymorphic_ctype": 22,
        "template": 26,
        "notes": "",
        "serialnumber": "",
        "created_at": "2024-05-01T14:55:11.203Z",
        "created_by": null,
        "updated_at": "2024-05-01T14:55:11.203Z"
    }
},
{
    "model": "backend.item",
    "pk": 187,
    "fields": {
        "polymorphic_ctype": 22,
        "template": 26,
        "notes": "",
        "serialnumber": "",
        "created_at": "2024-05-01T14:55:11.205Z",
        "created_by": null,
        "updated_at": "2024-05-01T14:55:11.205Z"
    }
},
{
    "model": "backend.item",
    "pk": 188,
    "fields": {
        "polymorphic_ctype": 22,
        "template": 26,
        "notes": "",
        "serialnumber": "",
        "created_at": "2024-05-01T14:55:11.207Z",
        "created_by": null,
        "updated_at": "2024-05-01T14:55:11.207Z"
    }
},
{
    "model": "backend.item",
    "pk": 189,
    "fields": {
        "polymorphic_ctype": 22,
        "template": 26,
        "notes": "",
        "serialnumber": "",
        "created_at": "2024-05-01T14:55:11.209Z",
        "created_by": null,
        "updated_at": "2024-05-01T14:55:11.209Z"
    }
},
{
    "model": "backend.item",
    "pk": 190,
    "fields": {
        "polymorphic_ctype": 22,
        "template": 26,
        "notes": "",
        "serialnumber": "",
        "created_at": "2024-05-01T14:55:11.210Z",
        "created_by": null,
        "updated_at": "2024-05-01T14:55:11.211Z"
    }
},
{
    "model": "backend.item",
    "pk": 191,
    "fields": {
        "polymorphic_ctype": 22,
        "template": 26,
        "notes": "",
        "serialnumber": "",
        "created_at": "2024-05-01T14:55:11.212Z",
        "created_by": null,
        "updated_at": "2024-05-01T14:55:11.212Z"
    }
},
{
    "model": "backend.item",
    "pk": 192,
    "fields": {
        "polymorphic_ctype": 22,
        "template": 26,
        "notes": "",
        "serialnumber": "",
        "created_at": "2024-05-01T14:55:11.214Z",
        "created_by": null,
        "updated_at": "2024-05-01T14:55:11.214Z"
    }
},
{
    "model": "backend.item",
    "pk": 193,
    "fields": {
        "polymorphic_ctype": 22,
        "template": 27,
        "notes": "",
        "serialnumber": "",
        "created_at": "2024-05-01T14:55:17.526Z",
        "created_by": null,
        "updated_at": "2024-05-01T14:55:17.526Z"
    }
},
{
    "model": "backend.item",
    "pk": 194,
    "fields": {
        "polymorphic_ctype": 22,
        "template": 27,
        "notes": "",
        "serialnumber": "",
        "created_at": "2024-05-01T14:55:17.529Z",
        "created_by": null,
        "updated_at": "2024-05-01T14:55:17.529Z"
    }
},
{
    "model": "backend.item",
    "pk": 195,
    "fields": {
        "polymorphic_ctype": 22,
        "template": 27,
        "notes": "",
        "serialnumber": "",
        "created_at": "2024-05-01T14:55:17.531Z",
        "created_by": null,
        "updated_at": "2024-05-01T14:55:17.531Z"
    }
},
{
    "model": "backend.item",
    "pk": 196,
    "fields": {
        "polymorphic_ctype": 22,
        "template": 27,
        "notes": "",
        "serialnumber": "",
        "created_at": "2024-05-01T14:55:17.533Z",
        "created_by": null,
        "updated_at": "2024-05-01T14:55:17.533Z"
    }
},
{
    "model": "backend.item",
    "pk": 197,
    "fields": {
        "polymorphic_ctype": 22,
        "template": 27,
        "notes": "",
        "serialnumber": "",
        "created_at": "2024-05-01T14:55:17.535Z",
        "created_by": null,
        "updated_at": "2024-05-01T14:55:17.535Z"
    }
},
{
    "model": "backend.item",
    "pk": 198,
    "fields": {
        "polymorphic_ctype": 22,
        "template": 27,
        "notes": "",
        "serialnumber": "",
        "created_at": "2024-05-01T14:55:17.536Z",
        "created_by": null,
        "updated_at": "2024-05-01T14:55:17.536Z"
    }
},
{
    "model": "backend.item",
    "pk": 199,
    "fields": {
        "polymorphic_ctype": 22,
        "template": 27,
        "notes": "",
        "serialnumber": "",
        "created_at": "2024-05-01T14:55:17.538Z",
        "created_by": null,
        "updated_at": "2024-05-01T14:55:17.538Z"
    }
},
{
    "model": "backend.item",
    "pk": 200,
    "fields": {
        "polymorphic_ctype": 22,
        "template": 27,
        "notes": "",
        "serialnumber": "",
        "created_at": "2024-05-01T14:55:17.540Z",
        "created_by": null,
        "updated_at": "2024-05-01T14:55:17.540Z"
    }
},
{
    "model": "backend.item",
    "pk": 201,
    "fields": {
        "polymorphic_ctype": 22,
        "template": 27,
        "notes": "",
        "serialnumber": "",
        "created_at": "2024-05-01T14:55:17.542Z",
        "created_by": null,
        "updated_at": "2024-05-01T14:55:17.542Z"
    }
},
{
    "model": "backend.item",
    "pk": 202,
    "fields": {
        "polymorphic_ctype": 22,
        "template": 27,
        "notes": "",
        "serialnumber": "",
        "created_at": "2024-05-01T14:55:17.544Z",
        "created_by": null,
        "updated_at": "2024-05-01T14:55:17.544Z"
    }
},
{
    "model": "backend.item",
    "pk": 203,
    "fields": {
        "polymorphic_ctype": 22,
        "template": 27,
        "notes": "",
        "serialnumber": "",
        "created_at": "2024-05-01T14:55:17.546Z",
        "created_by": null,
        "updated_at": "2024-05-01T14:55:17.546Z"
    }
},
{
    "model": "backend.item",
    "pk": 204,
    "fields": {
        "polymorphic_ctype": 22,
        "template": 27,
        "notes": "",
        "serialnumber": "",
        "created_at": "2024-05-01T14:55:17.548Z",
        "created_by": null,
        "updated_at": "2024-05-01T14:55:17.548Z"
    }
},
{
    "model": "backend.item",
    "pk": 205,
    "fields": {
        "polymorphic_ctype": 22,
        "template": 27,
        "notes": "",
        "serialnumber": "",
        "created_at": "2024-05-01T14:55:17.550Z",
        "created_by": null,
        "updated_at": "2024-05-01T14:55:17.550Z"
    }
},
{
    "model": "backend.item",
    "pk": 206,
    "fields": {
        "polymorphic_ctype": 22,
        "template": 27,
        "notes": "",
        "serialnumber": "",
        "created_at": "2024-05-01T14:55:17.552Z",
        "created_by": null,
        "updated_at": "2024-05-01T14:55:17.552Z"
    }
},
{
    "model": "backend.item",
    "pk": 207,
    "fields": {
        "polymorphic_ctype": 22,
        "template": 27,
        "notes": "",
        "serialnumber": "",
        "created_at": "2024-05-01T14:55:17.554Z",
        "created_by": null,
        "updated_at": "2024-05-01T14:55:17.554Z"
    }
},
{
    "model": "backend.item",
    "pk": 208,
    "fields": {
        "polymorphic_ctype": 22,
        "template": 27,
        "notes": "",
        "serialnumber": "",
        "created_at": "2024-05-01T14:55:17.555Z",
        "created_by": null,
        "updated_at": "2024-05-01T14:55:17.555Z"
    }
},
{
    "model": "backend.item",
    "pk": 209,
    "fields": {
        "polymorphic_ctype": 22,
        "template": 27,
        "notes": "",
        "serialnumber": "",
        "created_at": "2024-05-01T14:55:17.557Z",
        "created_by": null,
        "updated_at": "2024-05-01T14:55:17.557Z"
    }
},
{
    "model": "backend.item",
    "pk": 210,
    "fields": {
        "polymorphic_ctype": 22,
        "template": 27,
        "notes": "",
        "serialnumber": "",
        "created_at": "2024-05-01T14:55:17.560Z",
        "created_by": null,
        "updated_at": "2024-05-01T14:55:17.560Z"
    }
},
{
    "model": "backend.item",
    "pk": 211,
    "fields": {
        "polymorphic_ctype": 22,
        "template": 27,
        "notes": "",
        "serialnumber": "",
        "created_at": "2024-05-01T14:55:17.562Z",
        "created_by": null,
        "updated_at": "2024-05-01T14:55:17.562Z"
    }
},
{
    "model": "backend.item",
    "pk": 212,
    "fields": {
        "polymorphic_ctype": 22,
        "template": 27,
        "notes": "",
        "serialnumber": "",
        "created_at": "2024-05-01T14:55:17.564Z",
        "created_by": null,
        "updated_at": "2024-05-01T14:55:17.564Z"
    }
},
{
    "model": "backend.item",
    "pk": 213,
    "fields": {
        "polymorphic_ctype": 22,
        "template": 27,
        "notes": "",
        "serialnumber": "",
        "created_at": "2024-05-01T14:55:17.565Z",
        "created_by": null,
        "updated_at": "2024-05-01T14:55:17.565Z"
    }
},
{
    "model": "backend.item",
    "pk": 214,
    "fields": {
        "polymorphic_ctype": 22,
        "template": 27,
        "notes": "",
        "serialnumber": "",
        "created_at": "2024-05-01T14:55:17.567Z",
        "created_by": null,
        "updated_at": "2024-05-01T14:55:17.567Z"
    }
},
{
    "model": "backend.item",
    "pk": 215,
    "fields": {
        "polymorphic_ctype": 22,
        "template": 27,
        "notes": "",
        "serialnumber": "",
        "created_at": "2024-05-01T14:55:17.569Z",
        "created_by": null,
        "updated_at": "2024-05-01T14:55:17.569Z"
    }
},
{
    "model": "backend.item",
    "pk": 216,
    "fields": {
        "polymorphic_ctype": 22,
        "template": 27,
        "notes": "",
        "serialnumber": "",
        "created_at": "2024-05-01T14:55:17.571Z",
        "created_by": null,
        "updated_at": "2024-05-01T14:55:17.571Z"
    }
},
{
    "model": "backend.item",
    "pk": 217,
    "fields": {
        "polymorphic_ctype": 22,
        "template": 27,
        "notes": "",
        "serialnumber": "",
        "created_at": "2024-05-01T14:55:17.572Z",
        "created_by": null,
        "updated_at": "2024-05-01T14:55:17.572Z"
    }
},
{
    "model": "backend.item",
    "pk": 218,
    "fields": {
        "polymorphic_ctype": 22,
        "template": 27,
        "notes": "",
        "serialnumber": "",
        "created_at": "2024-05-01T14:55:17.574Z",
        "created_by": null,
        "updated_at": "2024-05-01T14:55:17.574Z"
    }
},
{
    "model": "backend.item",
    "pk": 219,
    "fields": {
        "polymorphic_ctype": 22,
        "template": 27,
        "notes": "",
        "serialnumber": "",
        "created_at": "2024-05-01T14:55:17.576Z",
        "created_by": null,
        "updated_at": "2024-05-01T14:55:17.576Z"
    }
},
{
    "model": "backend.item",
    "pk": 220,
    "fields": {
        "polymorphic_ctype": 22,
        "template": 27,
        "notes": "",
        "serialnumber": "",
        "created_at": "2024-05-01T14:55:17.578Z",
        "created_by": null,
        "updated_at": "2024-05-01T14:55:17.578Z"
    }
},
{
    "model": "backend.item",
    "pk": 221,
    "fields": {
        "polymorphic_ctype": 22,
        "template": 27,
        "notes": "",
        "serialnumber": "",
        "created_at": "2024-05-01T14:55:17.581Z",
        "created_by": null,
        "updated_at": "2024-05-01T14:55:17.581Z"
    }
},
{
    "model": "backend.item",
    "pk": 222,
    "fields": {
        "polymorphic_ctype": 22,
        "template": 27,
        "notes": "",
        "serialnumber": "",
        "created_at": "2024-05-01T14:55:17.583Z",
        "created_by": null,
        "updated_at": "2024-05-01T14:55:17.583Z"
    }
},
{
    "model": "backend.item",
    "pk": 223,
    "fields": {
        "polymorphic_ctype": 22,
        "template": 27,
        "notes": "",
        "serialnumber": "",
        "created_at": "2024-05-01T14:55:17.585Z",
        "created_by": null,
        "updated_at": "2024-05-01T14:55:17.585Z"
    }
},
{
    "model": "backend.item",
    "pk": 224,
    "fields": {
        "polymorphic_ctype": 22,
        "template": 27,
        "notes": "",
        "serialnumber": "",
        "created_at": "2024-05-01T14:55:17.587Z",
        "created_by": null,
        "updated_at": "2024-05-01T14:55:17.587Z"
    }
},
{
    "model": "backend.item",
    "pk": 225,
    "fields": {
        "polymorphic_ctype": 22,
        "template": 27,
        "notes": "",
        "serialnumber": "",
        "created_at": "2024-05-01T14:55:17.589Z",
        "created_by": null,
        "updated_at": "2024-05-01T14:55:17.589Z"
    }
},
{
    "model": "backend.item",
    "pk": 226,
    "fields": {
        "polymorphic_ctype": 22,
        "template": 27,
        "notes": "",
        "serialnumber": "",
        "created_at": "2024-05-01T14:55:17.591Z",
        "created_by": null,
        "updated_at": "2024-05-01T14:55:17.591Z"
    }
},
{
    "model": "backend.item",
    "pk": 227,
    "fields": {
        "polymorphic_ctype": 22,
        "template": 27,
        "notes": "",
        "serialnumber": "",
        "created_at": "2024-05-01T14:55:17.593Z",
        "created_by": null,
        "updated_at": "2024-05-01T14:55:17.593Z"
    }
},
{
    "model": "backend.item",
    "pk": 228,
    "fields": {
        "polymorphic_ctype": 22,
        "template": 27,
        "notes": "",
        "serialnumber": "",
        "created_at": "2024-05-01T14:55:17.595Z",
        "created_by": null,
        "updated_at": "2024-05-01T14:55:17.595Z"
    }
},
{
    "model": "backend.item",
    "pk": 229,
    "fields": {
        "polymorphic_ctype": 22,
        "template": 27,
        "notes": "",
        "serialnumber": "",
        "created_at": "2024-05-01T14:55:17.597Z",
        "created_by": null,
        "updated_at": "2024-05-01T14:55:17.597Z"
    }
},
{
    "model": "backend.item",
    "pk": 230,
    "fields": {
        "polymorphic_ctype": 22,
        "template": 27,
        "notes": "",
        "serialnumber": "",
        "created_at": "2024-05-01T14:55:17.598Z",
        "created_by": null,
        "updated_at": "2024-05-01T14:55:17.598Z"
    }
},
{
    "model": "backend.item",
    "pk": 231,
    "fields": {
        "polymorphic_ctype": 22,
        "template": 27,
        "notes": "",
        "serialnumber": "",
        "created_at": "2024-05-01T14:55:17.600Z",
        "created_by": null,
        "updated_at": "2024-05-01T14:55:17.600Z"
    }
},
{
    "model": "backend.item",
    "pk": 232,
    "fields": {
        "polymorphic_ctype": 22,
        "template": 27,
        "notes": "",
        "serialnumber": "",
        "created_at": "2024-05-01T14:55:17.602Z",
        "created_by": null,
        "updated_at": "2024-05-01T14:55:17.602Z"
    }
},
{
    "model": "backend.item",
    "pk": 233,
    "fields": {
        "polymorphic_ctype": 22,
        "template": 27,
        "notes": "",
        "serialnumber": "",
        "created_at": "2024-05-01T14:55:17.604Z",
        "created_by": null,
        "updated_at": "2024-05-01T14:55:17.604Z"
    }
},
{
    "model": "backend.item",
    "pk": 234,
    "fields": {
        "polymorphic_ctype": 22,
        "template": 27,
        "notes": "",
        "serialnumber": "",
        "created_at": "2024-05-01T14:55:17.606Z",
        "created_by": null,
        "updated_at": "2024-05-01T14:55:17.606Z"
    }
},
{
    "model": "backend.item",
    "pk": 235,
    "fields": {
        "polymorphic_ctype": 22,
        "template": 27,
        "notes": "",
        "serialnumber": "",
        "created_at": "2024-05-01T14:55:17.608Z",
        "created_by": null,
        "updated_at": "2024-05-01T14:55:17.608Z"
    }
},
{
    "model": "backend.item",
    "pk": 236,
    "fields": {
        "polymorphic_ctype": 22,
        "template": 27,
        "notes": "",
        "serialnumber": "",
        "created_at": "2024-05-01T14:55:17.609Z",
        "created_by": null,
        "updated_at": "2024-05-01T14:55:17.609Z"
    }
},
{
    "model": "backend.item",
    "pk": 237,
    "fields": {
        "polymorphic_ctype": 22,
        "template": 27,
        "notes": "",
        "serialnumber": "",
        "created_at": "2024-05-01T14:55:17.648Z",
        "created_by": null,
        "updated_at": "2024-05-01T14:55:17.648Z"
    }
},
{
    "model": "backend.item",
    "pk": 238,
    "fields": {
        "polymorphic_ctype": 22,
        "template": 27,
        "notes": "",
        "serialnumber": "",
        "created_at": "2024-05-01T14:55:17.650Z",
        "created_by": null,
        "updated_at": "2024-05-01T14:55:17.650Z"
    }
},
{
    "model": "backend.item",
    "pk": 239,
    "fields": {
        "polymorphic_ctype": 22,
        "template": 27,
        "notes": "",
        "serialnumber": "",
        "created_at": "2024-05-01T14:55:17.652Z",
        "created_by": null,
        "updated_at": "2024-05-01T14:55:17.652Z"
    }
},
{
    "model": "backend.item",
    "pk": 240,
    "fields": {
        "polymorphic_ctype": 22,
        "template": 27,
        "notes": "",
        "serialnumber": "",
        "created_at": "2024-05-01T14:55:17.653Z",
        "created_by": null,
        "updated_at": "2024-05-01T14:55:17.653Z"
    }
},
{
    "model": "backend.item",
    "pk": 241,
    "fields": {
        "polymorphic_ctype": 22,
        "template": 27,
        "notes": "",
        "serialnumber": "",
        "created_at": "2024-05-01T14:55:17.655Z",
        "created_by": null,
        "updated_at": "2024-05-01T14:55:17.655Z"
    }
},
{
    "model": "backend.item",
    "pk": 242,
    "fields": {
        "polymorphic_ctype": 22,
        "template": 27,
        "notes": "",
        "serialnumber": "",
        "created_at": "2024-05-01T14:55:17.657Z",
        "created_by": null,
        "updated_at": "2024-05-01T14:55:17.657Z"
    }
},
{
    "model": "backend.item",
    "pk": 243,
    "fields": {
        "polymorphic_ctype": 22,
        "template": 27,
        "notes": "",
        "serialnumber": "",
        "created_at": "2024-05-01T14:55:17.658Z",
        "created_by": null,
        "updated_at": "2024-05-01T14:55:17.658Z"
    }
},
{
    "model": "backend.item",
    "pk": 244,
    "fields": {
        "polymorphic_ctype": 22,
        "template": 27,
        "notes": "",
        "serialnumber": "",
        "created_at": "2024-05-01T14:55:17.660Z",
        "created_by": null,
        "updated_at": "2024-05-01T14:55:17.660Z"
    }
},
{
    "model": "backend.item",
    "pk": 245,
    "fields": {
        "polymorphic_ctype": 22,
        "template": 27,
        "notes": "",
        "serialnumber": "",
        "created_at": "2024-05-01T14:55:17.662Z",
        "created_by": null,
        "updated_at": "2024-05-01T14:55:17.662Z"
    }
},
{
    "model": "backend.item",
    "pk": 246,
    "fields": {
        "polymorphic_ctype": 22,
        "template": 27,
        "notes": "",
        "serialnumber": "",
        "created_at": "2024-05-01T14:55:17.664Z",
        "created_by": null,
        "updated_at": "2024-05-01T14:55:17.664Z"
    }
},
{
    "model": "backend.item",
    "pk": 247,
    "fields": {
        "polymorphic_ctype": 22,
        "template": 27,
        "notes": "",
        "serialnumber": "",
        "created_at": "2024-05-01T14:55:17.665Z",
        "created_by": null,
        "updated_at": "2024-05-01T14:55:17.665Z"
    }
},
{
    "model": "backend.item",
    "pk": 248,
    "fields": {
        "polymorphic_ctype": 22,
        "template": 27,
        "notes": "",
        "serialnumber": "",
        "created_at": "2024-05-01T14:55:17.667Z",
        "created_by": null,
        "updated_at": "2024-05-01T14:55:17.667Z"
    }
},
{
    "model": "backend.item",
    "pk": 249,
    "fields": {
        "polymorphic_ctype": 22,
        "template": 27,
        "notes": "",
        "serialnumber": "",
        "created_at": "2024-05-01T14:55:17.669Z",
        "created_by": null,
        "updated_at": "2024-05-01T14:55:17.669Z"
    }
},
{
    "model": "backend.item",
    "pk": 250,
    "fields": {
        "polymorphic_ctype": 22,
        "template": 27,
        "notes": "",
        "serialnumber": "",
        "created_at": "2024-05-01T14:55:17.670Z",
        "created_by": null,
        "updated_at": "2024-05-01T14:55:17.670Z"
    }
},
{
    "model": "backend.item",
    "pk": 251,
    "fields": {
        "polymorphic_ctype": 22,
        "template": 27,
        "notes": "",
        "serialnumber": "",
        "created_at": "2024-05-01T14:55:17.672Z",
        "created_by": null,
        "updated_at": "2024-05-01T14:55:17.672Z"
    }
},
{
    "model": "backend.item",
    "pk": 252,
    "fields": {
        "polymorphic_ctype": 22,
        "template": 27,
        "notes": "",
        "serialnumber": "",
        "created_at": "2024-05-01T14:55:17.674Z",
        "created_by": null,
        "updated_at": "2024-05-01T14:55:17.674Z"
    }
},
{
    "model": "backend.item",
    "pk": 253,
    "fields": {
        "polymorphic_ctype": 22,
        "template": 27,
        "notes": "",
        "serialnumber": "",
        "created_at": "2024-05-01T14:55:17.675Z",
        "created_by": null,
        "updated_at": "2024-05-01T14:55:17.675Z"
    }
},
{
    "model": "backend.item",
    "pk": 254,
    "fields": {
        "polymorphic_ctype": 22,
        "template": 27,
        "notes": "",
        "serialnumber": "",
        "created_at": "2024-05-01T14:55:17.677Z",
        "created_by": null,
        "updated_at": "2024-05-01T14:55:17.677Z"
    }
},
{
    "model": "backend.item",
    "pk": 255,
    "fields": {
        "polymorphic_ctype": 22,
        "template": 27,
        "notes": "",
        "serialnumber": "",
        "created_at": "2024-05-01T14:55:17.679Z",
        "created_by": null,
        "updated_at": "2024-05-01T14:55:17.679Z"
    }
},
{
    "model": "backend.item",
    "pk": 256,
    "fields": {
        "polymorphic_ctype": 22,
        "template": 27,
        "notes": "",
        "serialnumber": "",
        "created_at": "2024-05-01T14:55:17.681Z",
        "created_by": null,
        "updated_at": "2024-05-01T14:55:17.681Z"
    }
},
{
    "model": "backend.item",
    "pk": 257,
    "fields": {
        "polymorphic_ctype": 22,
        "template": 28,
        "notes": "",
        "serialnumber": "",
        "created_at": "2024-05-01T14:55:24.095Z",
        "created_by": null,
        "updated_at": "2024-05-01T14:55:24.095Z"
    }
},
{
    "model": "backend.item",
    "pk": 258,
    "fields": {
        "polymorphic_ctype": 22,
        "template": 28,
        "notes": "",
        "serialnumber": "",
        "created_at": "2024-05-01T14:55:24.099Z",
        "created_by": null,
        "updated_at": "2024-05-01T14:55:24.099Z"
    }
},
{
    "model": "backend.item",
    "pk": 259,
    "fields": {
        "polymorphic_ctype": 22,
        "template": 28,
        "notes": "",
        "serialnumber": "",
        "created_at": "2024-05-01T14:55:24.101Z",
        "created_by": null,
        "updated_at": "2024-05-01T14:55:24.101Z"
    }
},
{
    "model": "backend.item",
    "pk": 260,
    "fields": {
        "polymorphic_ctype": 22,
        "template": 28,
        "notes": "",
        "serialnumber": "",
        "created_at": "2024-05-01T14:55:24.103Z",
        "created_by": null,
        "updated_at": "2024-05-01T14:55:24.103Z"
    }
},
{
    "model": "backend.item",
    "pk": 261,
    "fields": {
        "polymorphic_ctype": 22,
        "template": 28,
        "notes": "",
        "serialnumber": "",
        "created_at": "2024-05-01T14:55:24.105Z",
        "created_by": null,
        "updated_at": "2024-05-01T14:55:24.105Z"
    }
},
{
    "model": "backend.item",
    "pk": 262,
    "fields": {
        "polymorphic_ctype": 22,
        "template": 28,
        "notes": "",
        "serialnumber": "",
        "created_at": "2024-05-01T14:55:24.106Z",
        "created_by": null,
        "updated_at": "2024-05-01T14:55:24.106Z"
    }
},
{
    "model": "backend.item",
    "pk": 263,
    "fields": {
        "polymorphic_ctype": 22,
        "template": 28,
        "notes": "",
        "serialnumber": "",
        "created_at": "2024-05-01T14:55:24.108Z",
        "created_by": null,
        "updated_at": "2024-05-01T14:55:24.108Z"
    }
},
{
    "model": "backend.item",
    "pk": 264,
    "fields": {
        "polymorphic_ctype": 22,
        "template": 28,
        "notes": "",
        "serialnumber": "",
        "created_at": "2024-05-01T14:55:24.110Z",
        "created_by": null,
        "updated_at": "2024-05-01T14:55:24.110Z"
    }
},
{
    "model": "backend.item",
    "pk": 265,
    "fields": {
        "polymorphic_ctype": 22,
        "template": 28,
        "notes": "",
        "serialnumber": "",
        "created_at": "2024-05-01T14:55:24.112Z",
        "created_by": null,
        "updated_at": "2024-05-01T14:55:24.112Z"
    }
},
{
    "model": "backend.item",
    "pk": 266,
    "fields": {
        "polymorphic_ctype": 22,
        "template": 28,
        "notes": "",
        "serialnumber": "",
        "created_at": "2024-05-01T14:55:24.114Z",
        "created_by": null,
        "updated_at": "2024-05-01T14:55:24.114Z"
    }
},
{
    "model": "backend.item",
    "pk": 267,
    "fields": {
        "polymorphic_ctype": 22,
        "template": 28,
        "notes": "",
        "serialnumber": "",
        "created_at": "2024-05-01T14:55:24.115Z",
        "created_by": null,
        "updated_at": "2024-05-01T14:55:24.115Z"
    }
},
{
    "model": "backend.item",
    "pk": 268,
    "fields": {
        "polymorphic_ctype": 22,
        "template": 28,
        "notes": "",
        "serialnumber": "",
        "created_at": "2024-05-01T14:55:24.117Z",
        "created_by": null,
        "updated_at": "2024-05-01T14:55:24.117Z"
    }
},
{
    "model": "backend.item",
    "pk": 269,
    "fields": {
        "polymorphic_ctype": 22,
        "template": 28,
        "notes": "",
        "serialnumber": "",
        "created_at": "2024-05-01T14:55:24.119Z",
        "created_by": null,
        "updated_at": "2024-05-01T14:55:24.119Z"
    }
},
{
    "model": "backend.item",
    "pk": 270,
    "fields": {
        "polymorphic_ctype": 22,
        "template": 28,
        "notes": "",
        "serialnumber": "",
        "created_at": "2024-05-01T14:55:24.120Z",
        "created_by": null,
        "updated_at": "2024-05-01T14:55:24.120Z"
    }
},
{
    "model": "backend.item",
    "pk": 271,
    "fields": {
        "polymorphic_ctype": 22,
        "template": 28,
        "notes": "",
        "serialnumber": "",
        "created_at": "2024-05-01T14:55:24.122Z",
        "created_by": null,
        "updated_at": "2024-05-01T14:55:24.122Z"
    }
},
{
    "model": "backend.item",
    "pk": 272,
    "fields": {
        "polymorphic_ctype": 22,
        "template": 28,
        "notes": "",
        "serialnumber": "",
        "created_at": "2024-05-01T14:55:24.124Z",
        "created_by": null,
        "updated_at": "2024-05-01T14:55:24.124Z"
    }
},
{
    "model": "backend.item",
    "pk": 273,
    "fields": {
        "polymorphic_ctype": 22,
        "template": 28,
        "notes": "",
        "serialnumber": "",
        "created_at": "2024-05-01T14:55:24.126Z",
        "created_by": null,
        "updated_at": "2024-05-01T14:55:24.126Z"
    }
},
{
    "model": "backend.item",
    "pk": 274,
    "fields": {
        "polymorphic_ctype": 22,
        "template": 28,
        "notes": "",
        "serialnumber": "",
        "created_at": "2024-05-01T14:55:24.127Z",
        "created_by": null,
        "updated_at": "2024-05-01T14:55:24.127Z"
    }
},
{
    "model": "backend.item",
    "pk": 275,
    "fields": {
        "polymorphic_ctype": 22,
        "template": 28,
        "notes": "",
        "serialnumber": "",
        "created_at": "2024-05-01T14:55:24.129Z",
        "created_by": null,
        "updated_at": "2024-05-01T14:55:24.129Z"
    }
},
{
    "model": "backend.item",
    "pk": 276,
    "fields": {
        "polymorphic_ctype": 22,
        "template": 28,
        "notes": "",
        "serialnumber": "",
        "created_at": "2024-05-01T14:55:24.131Z",
        "created_by": null,
        "updated_at": "2024-05-01T14:55:24.131Z"
    }
},
{
    "model": "backend.item",
    "pk": 277,
    "fields": {
        "polymorphic_ctype": 22,
        "template": 28,
        "notes": "",
        "serialnumber": "",
        "created_at": "2024-05-01T14:55:24.133Z",
        "created_by": null,
        "updated_at": "2024-05-01T14:55:24.133Z"
    }
},
{
    "model": "backend.item",
    "pk": 278,
    "fields": {
        "polymorphic_ctype": 22,
        "template": 28,
        "notes": "",
        "serialnumber": "",
        "created_at": "2024-05-01T14:55:24.134Z",
        "created_by": null,
        "updated_at": "2024-05-01T14:55:24.134Z"
    }
},
{
    "model": "backend.item",
    "pk": 279,
    "fields": {
        "polymorphic_ctype": 22,
        "template": 28,
        "notes": "",
        "serialnumber": "",
        "created_at": "2024-05-01T14:55:24.136Z",
        "created_by": null,
        "updated_at": "2024-05-01T14:55:24.136Z"
    }
},
{
    "model": "backend.item",
    "pk": 280,
    "fields": {
        "polymorphic_ctype": 22,
        "template": 28,
        "notes": "",
        "serialnumber": "",
        "created_at": "2024-05-01T14:55:24.138Z",
        "created_by": null,
        "updated_at": "2024-05-01T14:55:24.138Z"
    }
},
{
    "model": "backend.item",
    "pk": 281,
    "fields": {
        "polymorphic_ctype": 22,
        "template": 29,
        "notes": "",
        "serialnumber": "",
        "created_at": "2024-05-01T14:55:31.557Z",
        "created_by": null,
        "updated_at": "2024-05-01T14:55:31.557Z"
    }
},
{
    "model": "backend.item",
    "pk": 282,
    "fields": {
        "polymorphic_ctype": 22,
        "template": 29,
        "notes": "",
        "serialnumber": "",
        "created_at": "2024-05-01T14:55:31.566Z",
        "created_by": null,
        "updated_at": "2024-05-01T14:55:31.566Z"
    }
},
{
    "model": "backend.item",
    "pk": 283,
    "fields": {
        "polymorphic_ctype": 22,
        "template": 29,
        "notes": "",
        "serialnumber": "",
        "created_at": "2024-05-01T14:55:31.569Z",
        "created_by": null,
        "updated_at": "2024-05-01T14:55:31.569Z"
    }
},
{
    "model": "backend.item",
    "pk": 284,
    "fields": {
        "polymorphic_ctype": 22,
        "template": 29,
        "notes": "",
        "serialnumber": "",
        "created_at": "2024-05-01T14:55:31.571Z",
        "created_by": null,
        "updated_at": "2024-05-01T14:55:31.571Z"
    }
},
{
    "model": "backend.item",
    "pk": 285,
    "fields": {
        "polymorphic_ctype": 22,
        "template": 29,
        "notes": "",
        "serialnumber": "",
        "created_at": "2024-05-01T14:55:31.573Z",
        "created_by": null,
        "updated_at": "2024-05-01T14:55:31.573Z"
    }
},
{
    "model": "backend.item",
    "pk": 286,
    "fields": {
        "polymorphic_ctype": 22,
        "template": 29,
        "notes": "",
        "serialnumber": "",
        "created_at": "2024-05-01T14:55:31.575Z",
        "created_by": null,
        "updated_at": "2024-05-01T14:55:31.575Z"
    }
},
{
    "model": "backend.item",
    "pk": 287,
    "fields": {
        "polymorphic_ctype": 22,
        "template": 29,
        "notes": "",
        "serialnumber": "",
        "created_at": "2024-05-01T14:55:31.576Z",
        "created_by": null,
        "updated_at": "2024-05-01T14:55:31.576Z"
    }
},
{
    "model": "backend.item",
    "pk": 288,
    "fields": {
        "polymorphic_ctype": 22,
        "template": 29,
        "notes": "",
        "serialnumber": "",
        "created_at": "2024-05-01T14:55:31.578Z",
        "created_by": null,
        "updated_at": "2024-05-01T14:55:31.578Z"
    }
},
{
    "model": "backend.item",
    "pk": 289,
    "fields": {
        "polymorphic_ctype": 22,
        "template": 29,
        "notes": "",
        "serialnumber": "",
        "created_at": "2024-05-01T14:55:31.580Z",
        "created_by": null,
        "updated_at": "2024-05-01T14:55:31.580Z"
    }
},
{
    "model": "backend.item",
    "pk": 290,
    "fields": {
        "polymorphic_ctype": 22,
        "template": 29,
        "notes": "",
        "serialnumber": "",
        "created_at": "2024-05-01T14:55:31.581Z",
        "created_by": null,
        "updated_at": "2024-05-01T14:55:31.581Z"
    }
},
{
    "model": "backend.item",
    "pk": 291,
    "fields": {
        "polymorphic_ctype": 22,
        "template": 30,
        "notes": "",
        "serialnumber": "",
        "created_at": "2024-05-01T14:55:46.170Z",
        "created_by": null,
        "updated_at": "2024-05-01T14:55:46.170Z"
    }
},
{
    "model": "backend.item",
    "pk": 292,
    "fields": {
        "polymorphic_ctype": 22,
        "template": 30,
        "notes": "",
        "serialnumber": "",
        "created_at": "2024-05-01T14:55:46.177Z",
        "created_by": null,
        "updated_at": "2024-05-01T14:55:46.177Z"
    }
},
{
    "model": "backend.item",
    "pk": 293,
    "fields": {
        "polymorphic_ctype": 22,
        "template": 30,
        "notes": "",
        "serialnumber": "",
        "created_at": "2024-05-01T14:55:46.179Z",
        "created_by": null,
        "updated_at": "2024-05-01T14:55:46.179Z"
    }
},
{
    "model": "backend.item",
    "pk": 294,
    "fields": {
        "polymorphic_ctype": 22,
        "template": 30,
        "notes": "",
        "serialnumber": "",
        "created_at": "2024-05-01T14:55:46.181Z",
        "created_by": null,
        "updated_at": "2024-05-01T14:55:46.181Z"
    }
},
{
    "model": "backend.item",
    "pk": 295,
    "fields": {
        "polymorphic_ctype": 22,
        "template": 30,
        "notes": "",
        "serialnumber": "",
        "created_at": "2024-05-01T14:55:46.183Z",
        "created_by": null,
        "updated_at": "2024-05-01T14:55:46.183Z"
    }
},
{
    "model": "backend.item",
    "pk": 296,
    "fields": {
        "polymorphic_ctype": 22,
        "template": 30,
        "notes": "",
        "serialnumber": "",
        "created_at": "2024-05-01T14:55:46.185Z",
        "created_by": null,
        "updated_at": "2024-05-01T14:55:46.185Z"
    }
},
{
    "model": "backend.item",
    "pk": 297,
    "fields": {
        "polymorphic_ctype": 22,
        "template": 30,
        "notes": "",
        "serialnumber": "",
        "created_at": "2024-05-01T14:55:46.187Z",
        "created_by": null,
        "updated_at": "2024-05-01T14:55:46.187Z"
    }
},
{
    "model": "backend.item",
    "pk": 298,
    "fields": {
        "polymorphic_ctype": 22,
        "template": 30,
        "notes": "",
        "serialnumber": "",
        "created_at": "2024-05-01T14:55:46.189Z",
        "created_by": null,
        "updated_at": "2024-05-01T14:55:46.189Z"
    }
},
{
    "model": "backend.item",
    "pk": 299,
    "fields": {
        "polymorphic_ctype": 22,
        "template": 30,
        "notes": "",
        "serialnumber": "",
        "created_at": "2024-05-01T14:55:46.191Z",
        "created_by": null,
        "updated_at": "2024-05-01T14:55:46.191Z"
    }
},
{
    "model": "backend.item",
    "pk": 300,
    "fields": {
        "polymorphic_ctype": 22,
        "template": 30,
        "notes": "",
        "serialnumber": "",
        "created_at": "2024-05-01T14:55:46.192Z",
        "created_by": null,
        "updated_at": "2024-05-01T14:55:46.192Z"
    }
},
{
    "model": "backend.item",
    "pk": 301,
    "fields": {
        "polymorphic_ctype": 22,
        "template": 30,
        "notes": "",
        "serialnumber": "",
        "created_at": "2024-05-01T14:55:46.194Z",
        "created_by": null,
        "updated_at": "2024-05-01T14:55:46.194Z"
    }
},
{
    "model": "backend.item",
    "pk": 302,
    "fields": {
        "polymorphic_ctype": 22,
        "template": 30,
        "notes": "",
        "serialnumber": "",
        "created_at": "2024-05-01T14:55:46.196Z",
        "created_by": null,
        "updated_at": "2024-05-01T14:55:46.196Z"
    }
},
{
    "model": "backend.item",
    "pk": 303,
    "fields": {
        "polymorphic_ctype": 22,
        "template": 30,
        "notes": "",
        "serialnumber": "",
        "created_at": "2024-05-01T14:55:46.197Z",
        "created_by": null,
        "updated_at": "2024-05-01T14:55:46.197Z"
    }
},
{
    "model": "backend.item",
    "pk": 304,
    "fields": {
        "polymorphic_ctype": 22,
        "template": 30,
        "notes": "",
        "serialnumber": "",
        "created_at": "2024-05-01T14:55:46.199Z",
        "created_by": null,
        "updated_at": "2024-05-01T14:55:46.199Z"
    }
},
{
    "model": "backend.item",
    "pk": 305,
    "fields": {
        "polymorphic_ctype": 22,
        "template": 30,
        "notes": "",
        "serialnumber": "",
        "created_at": "2024-05-01T14:55:46.201Z",
        "created_by": null,
        "updated_at": "2024-05-01T14:55:46.201Z"
    }
},
{
    "model": "backend.item",
    "pk": 306,
    "fields": {
        "polymorphic_ctype": 22,
        "template": 30,
        "notes": "",
        "serialnumber": "",
        "created_at": "2024-05-01T14:55:46.203Z",
        "created_by": null,
        "updated_at": "2024-05-01T14:55:46.203Z"
    }
},
{
    "model": "backend.item",
    "pk": 307,
    "fields": {
        "polymorphic_ctype": 22,
        "template": 30,
        "notes": "",
        "serialnumber": "",
        "created_at": "2024-05-01T14:55:46.204Z",
        "created_by": null,
        "updated_at": "2024-05-01T14:55:46.204Z"
    }
},
{
    "model": "backend.item",
    "pk": 308,
    "fields": {
        "polymorphic_ctype": 22,
        "template": 30,
        "notes": "",
        "serialnumber": "",
        "created_at": "2024-05-01T14:55:46.206Z",
        "created_by": null,
        "updated_at": "2024-05-01T14:55:46.206Z"
    }
},
{
    "model": "backend.item",
    "pk": 309,
    "fields": {
        "polymorphic_ctype": 22,
        "template": 30,
        "notes": "",
        "serialnumber": "",
        "created_at": "2024-05-01T14:55:46.208Z",
        "created_by": null,
        "updated_at": "2024-05-01T14:55:46.208Z"
    }
},
{
    "model": "backend.item",
    "pk": 310,
    "fields": {
        "polymorphic_ctype": 22,
        "template": 30,
        "notes": "",
        "serialnumber": "",
        "created_at": "2024-05-01T14:55:46.209Z",
        "created_by": null,
        "updated_at": "2024-05-01T14:55:46.209Z"
    }
},
{
    "model": "backend.item",
    "pk": 311,
    "fields": {
        "polymorphic_ctype": 22,
        "template": 30,
        "notes": "",
        "serialnumber": "",
        "created_at": "2024-05-01T14:55:46.211Z",
        "created_by": null,
        "updated_at": "2024-05-01T14:55:46.211Z"
    }
},
{
    "model": "backend.item",
    "pk": 312,
    "fields": {
        "polymorphic_ctype": 22,
        "template": 30,
        "notes": "",
        "serialnumber": "",
        "created_at": "2024-05-01T14:55:46.213Z",
        "created_by": null,
        "updated_at": "2024-05-01T14:55:46.213Z"
    }
},
{
    "model": "backend.item",
    "pk": 313,
    "fields": {
        "polymorphic_ctype": 22,
        "template": 30,
        "notes": "",
        "serialnumber": "",
        "created_at": "2024-05-01T14:55:46.215Z",
        "created_by": null,
        "updated_at": "2024-05-01T14:55:46.215Z"
    }
},
{
    "model": "backend.item",
    "pk": 314,
    "fields": {
        "polymorphic_ctype": 22,
        "template": 30,
        "notes": "",
        "serialnumber": "",
        "created_at": "2024-05-01T14:55:46.216Z",
        "created_by": null,
        "updated_at": "2024-05-01T14:55:46.216Z"
    }
},
{
    "model": "backend.item",
    "pk": 315,
    "fields": {
        "polymorphic_ctype": 22,
        "template": 30,
        "notes": "",
        "serialnumber": "",
        "created_at": "2024-05-01T14:55:46.218Z",
        "created_by": null,
        "updated_at": "2024-05-01T14:55:46.218Z"
    }
},
{
    "model": "backend.item",
    "pk": 316,
    "fields": {
        "polymorphic_ctype": 22,
        "template": 30,
        "notes": "",
        "serialnumber": "",
        "created_at": "2024-05-01T14:55:46.220Z",
        "created_by": null,
        "updated_at": "2024-05-01T14:55:46.220Z"
    }
},
{
    "model": "backend.item",
    "pk": 317,
    "fields": {
        "polymorphic_ctype": 22,
        "template": 30,
        "notes": "",
        "serialnumber": "",
        "created_at": "2024-05-01T14:55:46.221Z",
        "created_by": null,
        "updated_at": "2024-05-01T14:55:46.221Z"
    }
},
{
    "model": "backend.item",
    "pk": 318,
    "fields": {
        "polymorphic_ctype": 22,
        "template": 30,
        "notes": "",
        "serialnumber": "",
        "created_at": "2024-05-01T14:55:46.223Z",
        "created_by": null,
        "updated_at": "2024-05-01T14:55:46.223Z"
    }
},
{
    "model": "backend.item",
    "pk": 319,
    "fields": {
        "polymorphic_ctype": 22,
        "template": 30,
        "notes": "",
        "serialnumber": "",
        "created_at": "2024-05-01T14:55:46.225Z",
        "created_by": null,
        "updated_at": "2024-05-01T14:55:46.225Z"
    }
},
{
    "model": "backend.item",
    "pk": 320,
    "fields": {
        "polymorphic_ctype": 22,
        "template": 30,
        "notes": "",
        "serialnumber": "",
        "created_at": "2024-05-01T14:55:46.227Z",
        "created_by": null,
        "updated_at": "2024-05-01T14:55:46.227Z"
    }
},
{
    "model": "backend.item",
    "pk": 321,
    "fields": {
        "polymorphic_ctype": 22,
        "template": 30,
        "notes": "",
        "serialnumber": "",
        "created_at": "2024-05-01T14:55:46.228Z",
        "created_by": null,
        "updated_at": "2024-05-01T14:55:46.228Z"
    }
},
{
    "model": "backend.item",
    "pk": 322,
    "fields": {
        "polymorphic_ctype": 22,
        "template": 30,
        "notes": "",
        "serialnumber": "",
        "created_at": "2024-05-01T14:55:46.230Z",
        "created_by": null,
        "updated_at": "2024-05-01T14:55:46.230Z"
    }
},
{
    "model": "backend.item",
    "pk": 323,
    "fields": {
        "polymorphic_ctype": 22,
        "template": 30,
        "notes": "",
        "serialnumber": "",
        "created_at": "2024-05-01T14:55:46.232Z",
        "created_by": null,
        "updated_at": "2024-05-01T14:55:46.232Z"
    }
},
{
    "model": "backend.item",
    "pk": 324,
    "fields": {
        "polymorphic_ctype": 22,
        "template": 30,
        "notes": "",
        "serialnumber": "",
        "created_at": "2024-05-01T14:55:46.233Z",
        "created_by": null,
        "updated_at": "2024-05-01T14:55:46.233Z"
    }
},
{
    "model": "backend.item",
    "pk": 325,
    "fields": {
        "polymorphic_ctype": 22,
        "template": 30,
        "notes": "",
        "serialnumber": "",
        "created_at": "2024-05-01T14:55:46.235Z",
        "created_by": null,
        "updated_at": "2024-05-01T14:55:46.235Z"
    }
},
{
    "model": "backend.item",
    "pk": 326,
    "fields": {
        "polymorphic_ctype": 22,
        "template": 30,
        "notes": "",
        "serialnumber": "",
        "created_at": "2024-05-01T14:55:46.237Z",
        "created_by": null,
        "updated_at": "2024-05-01T14:55:46.237Z"
    }
},
{
    "model": "backend.item",
    "pk": 327,
    "fields": {
        "polymorphic_ctype": 22,
        "template": 30,
        "notes": "",
        "serialnumber": "",
        "created_at": "2024-05-01T14:55:46.238Z",
        "created_by": null,
        "updated_at": "2024-05-01T14:55:46.238Z"
    }
},
{
    "model": "backend.item",
    "pk": 328,
    "fields": {
        "polymorphic_ctype": 22,
        "template": 30,
        "notes": "",
        "serialnumber": "",
        "created_at": "2024-05-01T14:55:46.240Z",
        "created_by": null,
        "updated_at": "2024-05-01T14:55:46.240Z"
    }
},
{
    "model": "backend.item",
    "pk": 329,
    "fields": {
        "polymorphic_ctype": 22,
        "template": 30,
        "notes": "",
        "serialnumber": "",
        "created_at": "2024-05-01T14:55:46.242Z",
        "created_by": null,
        "updated_at": "2024-05-01T14:55:46.242Z"
    }
},
{
    "model": "backend.item",
    "pk": 330,
    "fields": {
        "polymorphic_ctype": 22,
        "template": 30,
        "notes": "",
        "serialnumber": "",
        "created_at": "2024-05-01T14:55:46.244Z",
        "created_by": null,
        "updated_at": "2024-05-01T14:55:46.244Z"
    }
},
{
    "model": "backend.item",
    "pk": 331,
    "fields": {
        "polymorphic_ctype": 22,
        "template": 30,
        "notes": "",
        "serialnumber": "",
        "created_at": "2024-05-01T14:55:46.246Z",
        "created_by": null,
        "updated_at": "2024-05-01T14:55:46.246Z"
    }
},
{
    "model": "backend.item",
    "pk": 332,
    "fields": {
        "polymorphic_ctype": 22,
        "template": 30,
        "notes": "",
        "serialnumber": "",
        "created_at": "2024-05-01T14:55:46.247Z",
        "created_by": null,
        "updated_at": "2024-05-01T14:55:46.247Z"
    }
},
{
    "model": "backend.item",
    "pk": 333,
    "fields": {
        "polymorphic_ctype": 22,
        "template": 30,
        "notes": "",
        "serialnumber": "",
        "created_at": "2024-05-01T14:55:46.249Z",
        "created_by": null,
        "updated_at": "2024-05-01T14:55:46.249Z"
    }
},
{
    "model": "backend.item",
    "pk": 334,
    "fields": {
        "polymorphic_ctype": 22,
        "template": 30,
        "notes": "",
        "serialnumber": "",
        "created_at": "2024-05-01T14:55:46.251Z",
        "created_by": null,
        "updated_at": "2024-05-01T14:55:46.251Z"
    }
},
{
    "model": "backend.item",
    "pk": 335,
    "fields": {
        "polymorphic_ctype": 22,
        "template": 30,
        "notes": "",
        "serialnumber": "",
        "created_at": "2024-05-01T14:55:46.252Z",
        "created_by": null,
        "updated_at": "2024-05-01T14:55:46.252Z"
    }
},
{
    "model": "backend.item",
    "pk": 336,
    "fields": {
        "polymorphic_ctype": 22,
        "template": 30,
        "notes": "",
        "serialnumber": "",
        "created_at": "2024-05-01T14:55:46.254Z",
        "created_by": null,
        "updated_at": "2024-05-01T14:55:46.254Z"
    }
},
{
    "model": "backend.item",
    "pk": 337,
    "fields": {
        "polymorphic_ctype": 22,
        "template": 30,
        "notes": "",
        "serialnumber": "",
        "created_at": "2024-05-01T14:55:46.256Z",
        "created_by": null,
        "updated_at": "2024-05-01T14:55:46.256Z"
    }
},
{
    "model": "backend.item",
    "pk": 338,
    "fields": {
        "polymorphic_ctype": 22,
        "template": 30,
        "notes": "",
        "serialnumber": "",
        "created_at": "2024-05-01T14:55:46.257Z",
        "created_by": null,
        "updated_at": "2024-05-01T14:55:46.257Z"
    }
},
{
    "model": "backend.item",
    "pk": 339,
    "fields": {
        "polymorphic_ctype": 22,
        "template": 30,
        "notes": "",
        "serialnumber": "",
        "created_at": "2024-05-01T14:55:46.259Z",
        "created_by": null,
        "updated_at": "2024-05-01T14:55:46.259Z"
    }
},
{
    "model": "backend.item",
    "pk": 340,
    "fields": {
        "polymorphic_ctype": 22,
        "template": 30,
        "notes": "",
        "serialnumber": "",
        "created_at": "2024-05-01T14:55:46.261Z",
        "created_by": null,
        "updated_at": "2024-05-01T14:55:46.261Z"
    }
},
{
    "model": "backend.item",
    "pk": 341,
    "fields": {
        "polymorphic_ctype": 22,
        "template": 31,
        "notes": "",
        "serialnumber": "",
        "created_at": "2024-05-01T14:55:54.230Z",
        "created_by": null,
        "updated_at": "2024-05-01T14:55:54.230Z"
    }
},
{
    "model": "backend.item",
    "pk": 342,
    "fields": {
        "polymorphic_ctype": 22,
        "template": 31,
        "notes": "",
        "serialnumber": "",
        "created_at": "2024-05-01T14:55:54.234Z",
        "created_by": null,
        "updated_at": "2024-05-01T14:55:54.234Z"
    }
},
{
    "model": "backend.item",
    "pk": 343,
    "fields": {
        "polymorphic_ctype": 22,
        "template": 31,
        "notes": "",
        "serialnumber": "",
        "created_at": "2024-05-01T14:55:54.236Z",
        "created_by": null,
        "updated_at": "2024-05-01T14:55:54.236Z"
    }
},
{
    "model": "backend.item",
    "pk": 344,
    "fields": {
        "polymorphic_ctype": 22,
        "template": 31,
        "notes": "",
        "serialnumber": "",
        "created_at": "2024-05-01T14:55:54.238Z",
        "created_by": null,
        "updated_at": "2024-05-01T14:55:54.238Z"
    }
},
{
    "model": "backend.item",
    "pk": 345,
    "fields": {
        "polymorphic_ctype": 22,
        "template": 31,
        "notes": "",
        "serialnumber": "",
        "created_at": "2024-05-01T14:55:54.239Z",
        "created_by": null,
        "updated_at": "2024-05-01T14:55:54.240Z"
    }
},
{
    "model": "backend.item",
    "pk": 346,
    "fields": {
        "polymorphic_ctype": 22,
        "template": 31,
        "notes": "",
        "serialnumber": "",
        "created_at": "2024-05-01T14:55:54.241Z",
        "created_by": null,
        "updated_at": "2024-05-01T14:55:54.241Z"
    }
},
{
    "model": "backend.item",
    "pk": 347,
    "fields": {
        "polymorphic_ctype": 22,
        "template": 31,
        "notes": "",
        "serialnumber": "",
        "created_at": "2024-05-01T14:55:54.243Z",
        "created_by": null,
        "updated_at": "2024-05-01T14:55:54.243Z"
    }
},
{
    "model": "backend.item",
    "pk": 348,
    "fields": {
        "polymorphic_ctype": 22,
        "template": 31,
        "notes": "",
        "serialnumber": "",
        "created_at": "2024-05-01T14:55:54.245Z",
        "created_by": null,
        "updated_at": "2024-05-01T14:55:54.245Z"
    }
},
{
    "model": "backend.item",
    "pk": 349,
    "fields": {
        "polymorphic_ctype": 22,
        "template": 31,
        "notes": "",
        "serialnumber": "",
        "created_at": "2024-05-01T14:55:54.246Z",
        "created_by": null,
        "updated_at": "2024-05-01T14:55:54.246Z"
    }
},
{
    "model": "backend.item",
    "pk": 350,
    "fields": {
        "polymorphic_ctype": 22,
        "template": 31,
        "notes": "",
        "serialnumber": "",
        "created_at": "2024-05-01T14:55:54.249Z",
        "created_by": null,
        "updated_at": "2024-05-01T14:55:54.249Z"
    }
},
{
    "model": "backend.item",
    "pk": 351,
    "fields": {
        "polymorphic_ctype": 22,
        "template": 31,
        "notes": "",
        "serialnumber": "",
        "created_at": "2024-05-01T14:55:54.250Z",
        "created_by": null,
        "updated_at": "2024-05-01T14:55:54.250Z"
    }
},
{
    "model": "backend.item",
    "pk": 352,
    "fields": {
        "polymorphic_ctype": 22,
        "template": 31,
        "notes": "",
        "serialnumber": "",
        "created_at": "2024-05-01T14:55:54.252Z",
        "created_by": null,
        "updated_at": "2024-05-01T14:55:54.252Z"
    }
},
{
    "model": "backend.item",
    "pk": 353,
    "fields": {
        "polymorphic_ctype": 22,
        "template": 31,
        "notes": "",
        "serialnumber": "",
        "created_at": "2024-05-01T14:55:54.254Z",
        "created_by": null,
        "updated_at": "2024-05-01T14:55:54.254Z"
    }
},
{
    "model": "backend.item",
    "pk": 354,
    "fields": {
        "polymorphic_ctype": 22,
        "template": 31,
        "notes": "",
        "serialnumber": "",
        "created_at": "2024-05-01T14:55:54.255Z",
        "created_by": null,
        "updated_at": "2024-05-01T14:55:54.255Z"
    }
},
{
    "model": "backend.item",
    "pk": 355,
    "fields": {
        "polymorphic_ctype": 22,
        "template": 31,
        "notes": "",
        "serialnumber": "",
        "created_at": "2024-05-01T14:55:54.257Z",
        "created_by": null,
        "updated_at": "2024-05-01T14:55:54.257Z"
    }
},
{
    "model": "backend.item",
    "pk": 356,
    "fields": {
        "polymorphic_ctype": 22,
        "template": 31,
        "notes": "",
        "serialnumber": "",
        "created_at": "2024-05-01T14:55:54.259Z",
        "created_by": null,
        "updated_at": "2024-05-01T14:55:54.259Z"
    }
},
{
    "model": "backend.item",
    "pk": 357,
    "fields": {
        "polymorphic_ctype": 22,
        "template": 31,
        "notes": "",
        "serialnumber": "",
        "created_at": "2024-05-01T14:55:54.261Z",
        "created_by": null,
        "updated_at": "2024-05-01T14:55:54.261Z"
    }
},
{
    "model": "backend.item",
    "pk": 358,
    "fields": {
        "polymorphic_ctype": 22,
        "template": 31,
        "notes": "",
        "serialnumber": "",
        "created_at": "2024-05-01T14:55:54.262Z",
        "created_by": null,
        "updated_at": "2024-05-01T14:55:54.262Z"
    }
},
{
    "model": "backend.item",
    "pk": 359,
    "fields": {
        "polymorphic_ctype": 22,
        "template": 31,
        "notes": "",
        "serialnumber": "",
        "created_at": "2024-05-01T14:55:54.264Z",
        "created_by": null,
        "updated_at": "2024-05-01T14:55:54.264Z"
    }
},
{
    "model": "backend.item",
    "pk": 360,
    "fields": {
        "polymorphic_ctype": 22,
        "template": 31,
        "notes": "",
        "serialnumber": "",
        "created_at": "2024-05-01T14:55:54.266Z",
        "created_by": null,
        "updated_at": "2024-05-01T14:55:54.266Z"
    }
},
{
    "model": "backend.item",
    "pk": 361,
    "fields": {
        "polymorphic_ctype": 22,
        "template": 31,
        "notes": "",
        "serialnumber": "",
        "created_at": "2024-05-01T14:55:54.267Z",
        "created_by": null,
        "updated_at": "2024-05-01T14:55:54.267Z"
    }
},
{
    "model": "backend.item",
    "pk": 362,
    "fields": {
        "polymorphic_ctype": 22,
        "template": 31,
        "notes": "",
        "serialnumber": "",
        "created_at": "2024-05-01T14:55:54.269Z",
        "created_by": null,
        "updated_at": "2024-05-01T14:55:54.269Z"
    }
},
{
    "model": "backend.item",
    "pk": 363,
    "fields": {
        "polymorphic_ctype": 22,
        "template": 31,
        "notes": "",
        "serialnumber": "",
        "created_at": "2024-05-01T14:55:54.271Z",
        "created_by": null,
        "updated_at": "2024-05-01T14:55:54.271Z"
    }
},
{
    "model": "backend.item",
    "pk": 364,
    "fields": {
        "polymorphic_ctype": 22,
        "template": 31,
        "notes": "",
        "serialnumber": "",
        "created_at": "2024-05-01T14:55:54.272Z",
        "created_by": null,
        "updated_at": "2024-05-01T14:55:54.272Z"
    }
},
{
    "model": "backend.item",
    "pk": 365,
    "fields": {
        "polymorphic_ctype": 22,
        "template": 31,
        "notes": "",
        "serialnumber": "",
        "created_at": "2024-05-01T14:55:54.274Z",
        "created_by": null,
        "updated_at": "2024-05-01T14:55:54.274Z"
    }
},
{
    "model": "backend.item",
    "pk": 366,
    "fields": {
        "polymorphic_ctype": 22,
        "template": 31,
        "notes": "",
        "serialnumber": "",
        "created_at": "2024-05-01T14:55:54.276Z",
        "created_by": null,
        "updated_at": "2024-05-01T14:55:54.276Z"
    }
},
{
    "model": "backend.item",
    "pk": 367,
    "fields": {
        "polymorphic_ctype": 22,
        "template": 31,
        "notes": "",
        "serialnumber": "",
        "created_at": "2024-05-01T14:55:54.278Z",
        "created_by": null,
        "updated_at": "2024-05-01T14:55:54.278Z"
    }
},
{
    "model": "backend.item",
    "pk": 368,
    "fields": {
        "polymorphic_ctype": 22,
        "template": 31,
        "notes": "",
        "serialnumber": "",
        "created_at": "2024-05-01T14:55:54.279Z",
        "created_by": null,
        "updated_at": "2024-05-01T14:55:54.279Z"
    }
},
{
    "model": "backend.item",
    "pk": 369,
    "fields": {
        "polymorphic_ctype": 22,
        "template": 31,
        "notes": "",
        "serialnumber": "",
        "created_at": "2024-05-01T14:55:54.281Z",
        "created_by": null,
        "updated_at": "2024-05-01T14:55:54.281Z"
    }
},
{
    "model": "backend.item",
    "pk": 370,
    "fields": {
        "polymorphic_ctype": 22,
        "template": 31,
        "notes": "",
        "serialnumber": "",
        "created_at": "2024-05-01T14:55:54.283Z",
        "created_by": null,
        "updated_at": "2024-05-01T14:55:54.283Z"
    }
},
{
    "model": "backend.item",
    "pk": 371,
    "fields": {
        "polymorphic_ctype": 22,
        "template": 31,
        "notes": "",
        "serialnumber": "",
        "created_at": "2024-05-01T14:55:54.284Z",
        "created_by": null,
        "updated_at": "2024-05-01T14:55:54.284Z"
    }
},
{
    "model": "backend.item",
    "pk": 372,
    "fields": {
        "polymorphic_ctype": 22,
        "template": 31,
        "notes": "",
        "serialnumber": "",
        "created_at": "2024-05-01T14:55:54.286Z",
        "created_by": null,
        "updated_at": "2024-05-01T14:55:54.286Z"
    }
},
{
    "model": "backend.item",
    "pk": 373,
    "fields": {
        "polymorphic_ctype": 21,
        "template": 35,
        "notes": null,
        "serialnumber": null,
        "created_at": "2024-05-01T14:58:27.399Z",
        "created_by": null,
        "updated_at": "2024-05-02T08:58:28.951Z"
    }
},
{
    "model": "backend.item",
    "pk": 374,
    "fields": {
        "polymorphic_ctype": 21,
        "template": 35,
        "notes": null,
        "serialnumber": null,
        "created_at": "2024-05-01T14:59:09.797Z",
        "created_by": null,
        "updated_at": "2024-05-02T09:01:08.329Z"
    }
},
{
    "model": "backend.item",
    "pk": 375,
    "fields": {
        "polymorphic_ctype": 21,
        "template": 35,
        "notes": null,
        "serialnumber": null,
        "created_at": "2024-05-01T14:59:27.703Z",
        "created_by": null,
        "updated_at": "2024-05-02T09:01:34.425Z"
    }
},
{
    "model": "backend.item",
    "pk": 376,
    "fields": {
        "polymorphic_ctype": 21,
        "template": 35,
        "notes": null,
        "serialnumber": null,
        "created_at": "2024-05-01T14:59:49.157Z",
        "created_by": null,
        "updated_at": "2024-05-02T09:04:07.670Z"
    }
},
{
    "model": "backend.item",
    "pk": 377,
    "fields": {
        "polymorphic_ctype": 21,
        "template": 35,
        "notes": null,
        "serialnumber": null,
        "created_at": "2024-05-01T15:00:11.311Z",
        "created_by": null,
        "updated_at": "2024-05-02T09:04:30.817Z"
    }
},
{
    "model": "backend.item",
    "pk": 378,
    "fields": {
        "polymorphic_ctype": 21,
        "template": 34,
        "notes": "Broken edge on case standoff",
        "serialnumber": null,
        "created_at": "2024-05-02T08:27:18.745Z",
        "created_by": null,
        "updated_at": "2024-05-02T09:05:05.998Z"
    }
},
{
    "model": "backend.item",
    "pk": 379,
    "fields": {
        "polymorphic_ctype": 21,
        "template": 34,
        "notes": null,
        "serialnumber": null,
        "created_at": "2024-05-02T08:27:34.902Z",
        "created_by": null,
        "updated_at": "2024-05-02T09:05:26.750Z"
    }
},
{
    "model": "backend.item",
    "pk": 381,
    "fields": {
        "polymorphic_ctype": 21,
        "template": 34,
        "notes": "Something sticky on the quickdial buttons ...",
        "serialnumber": null,
        "created_at": "2024-05-02T08:31:02.993Z",
        "created_by": null,
        "updated_at": "2024-05-02T09:05:52.039Z"
    }
},
{
    "model": "backend.item",
    "pk": 382,
    "fields": {
        "polymorphic_ctype": 21,
        "template": 34,
        "notes": null,
        "serialnumber": null,
        "created_at": "2024-05-02T08:31:36.369Z",
        "created_by": null,
        "updated_at": "2024-05-02T09:06:14.977Z"
    }
},
{
    "model": "backend.item",
    "pk": 383,
    "fields": {
        "polymorphic_ctype": 21,
        "template": 34,
        "notes": null,
        "serialnumber": null,
        "created_at": "2024-05-02T08:32:02.158Z",
        "created_by": null,
        "updated_at": "2024-05-02T09:06:45.481Z"
    }
},
{
    "model": "backend.item",
    "pk": 384,
    "fields": {
        "polymorphic_ctype": 21,
        "template": 34,
        "notes": null,
        "serialnumber": null,
        "created_at": "2024-05-02T08:32:26.336Z",
        "created_by": null,
        "updated_at": "2024-05-02T09:07:09.582Z"
    }
},
{
    "model": "backend.item",
    "pk": 385,
    "fields": {
        "polymorphic_ctype": 21,
        "template": 34,
        "notes": null,
        "serialnumber": null,
        "created_at": "2024-05-02T08:32:43.639Z",
        "created_by": null,
        "updated_at": "2024-05-02T09:07:35.592Z"
    }
},
{
    "model": "backend.item",
    "pk": 386,
    "fields": {
        "polymorphic_ctype": 21,
        "template": 36,
        "notes": null,
        "serialnumber": null,
        "created_at": "2024-05-02T08:33:23.140Z",
        "created_by": null,
        "updated_at": "2024-05-02T09:08:04.073Z"
    }
},
{
    "model": "backend.item",
    "pk": 387,
    "fields": {
        "polymorphic_ctype": 21,
        "template": 35,
        "notes": null,
        "serialnumber": null,
        "created_at": "2024-05-02T08:33:40.110Z",
        "created_by": null,
        "updated_at": "2024-05-02T09:08:19.898Z"
    }
},
{
    "model": "backend.item",
    "pk": 388,
    "fields": {
        "polymorphic_ctype": 21,
        "template": 34,
        "notes": null,
        "serialnumber": null,
        "created_at": "2024-05-02T08:33:55.464Z",
        "created_by": null,
        "updated_at": "2024-05-02T09:08:54.143Z"
    }
},
{
    "model": "backend.item",
    "pk": 389,
    "fields": {
        "polymorphic_ctype": 21,
        "template": 34,
        "notes": null,
        "serialnumber": null,
        "created_at": "2024-05-02T08:34:18.827Z",
        "created_by": null,
        "updated_at": "2024-05-02T09:09:16.956Z"
    }
},
{
    "model": "backend.item",
    "pk": 390,
    "fields": {
        "polymorphic_ctype": 21,
        "template": 36,
        "notes": "With a big red button",
        "serialnumber": null,
        "created_at": "2024-05-02T08:34:57.356Z",
        "created_by": null,
        "updated_at": "2024-05-02T09:10:44.594Z"
    }
},
{
    "model": "backend.item",
    "pk": 391,
    "fields": {
        "polymorphic_ctype": 19,
        "template": 37,
        "notes": null,
        "serialnumber": null,
        "created_at": "2024-05-02T08:37:29.956Z",
        "created_by": null,
        "updated_at": "2024-05-02T08:48:45.809Z"
    }
},
{
    "model": "backend.item",
    "pk": 392,
    "fields": {
        "polymorphic_ctype": 19,
        "template": 37,
        "notes": "A LOT of fur stuck in the case ...",
        "serialnumber": null,
        "created_at": "2024-05-02T08:38:22.440Z",
        "created_by": null,
        "updated_at": "2024-05-02T08:49:10.075Z"
    }
},
{
    "model": "backend.item",
    "pk": 393,
    "fields": {
        "polymorphic_ctype": 19,
        "template": 37,
        "notes": null,
        "serialnumber": null,
        "created_at": "2024-05-02T08:39:35.634Z",
        "created_by": null,
        "updated_at": "2024-05-02T08:49:42.995Z"
    }
},
{
    "model": "backend.item",
    "pk": 394,
    "fields": {
        "polymorphic_ctype": 19,
        "template": 37,
        "notes": null,
        "serialnumber": null,
        "created_at": "2024-05-02T08:42:51.991Z",
        "created_by": null,
        "updated_at": "2024-05-02T08:50:27.061Z"
    }
},
{
    "model": "backend.item",
    "pk": 395,
    "fields": {
        "polymorphic_ctype": 19,
        "template": 37,
        "notes": null,
        "serialnumber": null,
        "created_at": "2024-05-02T08:43:33.089Z",
        "created_by": null,
        "updated_at": "2024-05-02T08:51:01.527Z"
    }
},
{
    "model": "backend.item",
    "pk": 396,
    "fields": {
        "polymorphic_ctype": 19,
        "template": 37,
        "notes": null,
        "serialnumber": null,
        "created_at": "2024-05-02T08:45:46.555Z",
        "created_by": null,
        "updated_at": "2024-05-02T08:51:28.996Z"
    }
},
{
    "model": "backend.item",
    "pk": 397,
    "fields": {
        "polymorphic_ctype": 24,
        "template": 39,
        "notes": null,
        "serialnumber": null,
        "created_at": "2024-05-02T09:12:42.863Z",
        "created_by": null,
        "updated_at": "2024-05-02T09:13:37.081Z"
    }
},
{
    "model": "backend.item",
    "pk": 398,
    "fields": {
        "polymorphic_ctype": 24,
        "template": 39,
        "notes": null,
        "serialnumber": null,
        "created_at": "2024-05-02T09:12:51.116Z",
        "created_by": null,
        "updated_at": "2024-05-02T09:14:03.132Z"
    }
},
{
    "model": "backend.item",
    "pk": 399,
    "fields": {
        "polymorphic_ctype": 20,
        "template": 32,
        "notes": "",
        "serialnumber": "MO-12345-0001",
        "created_at": "2024-05-03T10:14:45.342Z",
        "created_by": null,
        "updated_at": "2024-05-03T10:14:45.342Z"
    }
},
{
    "model": "backend.item",
    "pk": 400,
    "fields": {
        "polymorphic_ctype": 20,
        "template": 32,
        "notes": "",
        "serialnumber": "MO-12345-0002",
        "created_at": "2024-05-03T10:14:51.002Z",
        "created_by": null,
        "updated_at": "2024-05-03T10:14:51.002Z"
    }
},
{
    "model": "backend.item",
    "pk": 401,
    "fields": {
        "polymorphic_ctype": 20,
        "template": 32,
        "notes": "",
        "serialnumber": "MO-12345-0003",
        "created_at": "2024-05-03T10:14:56.944Z",
        "created_by": null,
        "updated_at": "2024-05-03T10:14:56.944Z"
    }
},
{
    "model": "backend.item",
    "pk": 402,
    "fields": {
        "polymorphic_ctype": 20,
        "template": 32,
        "notes": "",
        "serialnumber": "MO-12345-0004",
        "created_at": "2024-05-03T10:15:01.750Z",
        "created_by": null,
        "updated_at": "2024-05-03T10:15:01.750Z"
    }
},
{
    "model": "backend.item",
    "pk": 403,
    "fields": {
        "polymorphic_ctype": 20,
        "template": 32,
        "notes": "",
        "serialnumber": "MO-12345-0005",
        "created_at": "2024-05-03T10:15:06.510Z",
        "created_by": null,
        "updated_at": "2024-05-03T10:15:06.510Z"
    }
},
{
    "model": "backend.item",
    "pk": 404,
    "fields": {
        "polymorphic_ctype": 20,
        "template": 33,
        "notes": "",
        "serialnumber": "AP-12345-0001",
        "created_at": "2024-05-03T10:15:14.698Z",
        "created_by": null,
        "updated_at": "2024-05-03T10:15:14.698Z"
    }
},
{
    "model": "backend.item",
    "pk": 405,
    "fields": {
        "polymorphic_ctype": 20,
        "template": 33,
        "notes": "",
        "serialnumber": "AP-12345-0002",
        "created_at": "2024-05-03T10:15:20.230Z",
        "created_by": null,
        "updated_at": "2024-05-03T10:15:20.230Z"
    }
},
{
    "model": "backend.item",
    "pk": 406,
    "fields": {
        "polymorphic_ctype": 20,
        "template": 33,
        "notes": "",
        "serialnumber": "AP-12345-0003",
        "created_at": "2024-05-03T10:15:25.146Z",
        "created_by": null,
        "updated_at": "2024-05-03T10:15:25.146Z"
    }
},
{
    "model": "backend.item",
    "pk": 407,
    "fields": {
        "polymorphic_ctype": 20,
        "template": 33,
        "notes": "",
        "serialnumber": "AP-12345-0004",
        "created_at": "2024-05-03T10:15:33.650Z",
        "created_by": null,
        "updated_at": "2024-05-03T10:15:33.650Z"
    }
},
{
    "model": "backend.item",
    "pk": 408,
    "fields": {
        "polymorphic_ctype": 20,
        "template": 33,
        "notes": "",
        "serialnumber": "AP-12345-0005",
        "created_at": "2024-05-03T10:15:39.443Z",
        "created_by": null,
        "updated_at": "2024-05-03T10:15:39.443Z"
    }
},
{
    "model": "backend.item",
    "pk": 409,
    "fields": {
        "polymorphic_ctype": 20,
        "template": 33,
        "notes": "",
        "serialnumber": "AP-12345-0006",
        "created_at": "2024-05-03T10:15:44.756Z",
        "created_by": null,
        "updated_at": "2024-05-03T10:15:44.756Z"
    }
},
{
    "model": "backend.item",
    "pk": 410,
    "fields": {
        "polymorphic_ctype": 20,
        "template": 33,
        "notes": "",
        "serialnumber": "AP-12345-0007",
        "created_at": "2024-05-03T10:15:52.671Z",
        "created_by": null,
        "updated_at": "2024-05-03T10:15:52.672Z"
    }
},
{
    "model": "backend.item",
    "pk": 411,
    "fields": {
        "polymorphic_ctype": 20,
        "template": 33,
        "notes": "",
        "serialnumber": "AP-12345-0008",
        "created_at": "2024-05-03T10:16:02.449Z",
        "created_by": null,
        "updated_at": "2024-05-03T10:16:02.449Z"
    }
},
{
    "model": "backend.item",
    "pk": 412,
    "fields": {
        "polymorphic_ctype": 24,
        "template": 40,
        "notes": "",
        "serialnumber": "",
        "created_at": "2024-05-30T15:21:51.491Z",
        "created_by": null,
        "updated_at": "2024-05-30T15:21:51.491Z"
    }
},
{
    "model": "backend.item",
    "pk": 413,
    "fields": {
        "polymorphic_ctype": 24,
        "template": 41,
        "notes": "",
        "serialnumber": "",
        "created_at": "2024-05-30T15:21:58.930Z",
        "created_by": null,
        "updated_at": "2024-05-30T15:21:58.930Z"
    }
},
{
    "model": "backend.item",
    "pk": 414,
    "fields": {
        "polymorphic_ctype": 24,
        "template": 42,
        "notes": "",
        "serialnumber": "",
        "created_at": "2024-05-30T15:22:06.333Z",
        "created_by": null,
        "updated_at": "2024-05-30T15:22:06.334Z"
    }
},
{
    "model": "backend.order",
    "pk": 1,
    "fields": {
        "user": 4,
        "type": "RadioDevice",
        "title": "Radio Simple (STAFF)",
        "item": null,
        "item_template": null
    }
},
{
    "model": "backend.order",
    "pk": 2,
    "fields": {
        "user": 4,
        "type": "RadioAccessory",
        "title": "In-Ear Headset",
        "item": null,
        "item_template": null
    }
},
{
    "model": "backend.order",
    "pk": 3,
    "fields": {
        "user": 5,
        "type": "RadioDevice",
        "title": "Radio Complex (STAFF)",
        "item": null,
        "item_template": null
    }
},
{
    "model": "backend.order",
    "pk": 4,
    "fields": {
        "user": 5,
        "type": "RadioAccessory",
        "title": "Handset",
        "item": null,
        "item_template": null
    }
},
{
    "model": "backend.order",
    "pk": 5,
    "fields": {
        "user": 14,
        "type": "RadioDevice",
        "title": "Radio Simple (SECU)",
        "item": null,
        "item_template": null
    }
},
{
    "model": "backend.order",
    "pk": 6,
    "fields": {
        "user": 14,
        "type": "RadioAccessory",
        "title": "In-Ear Headset",
        "item": null,
        "item_template": null
    }
},
{
    "model": "backend.order",
    "pk": 7,
    "fields": {
        "user": 15,
        "type": "RadioDevice",
        "title": "Radio Complex (SECLEAD)",
        "item": null,
        "item_template": null
    }
},
{
    "model": "backend.order",
    "pk": 8,
    "fields": {
        "user": 15,
        "type": "RadioAccessory",
        "title": "In-Ear Headset",
        "item": null,
        "item_template": null
    }
},
{
    "model": "backend.order",
    "pk": 9,
    "fields": {
        "user": 15,
        "type": "RadioAccessory",
        "title": "Skeleton Holder (LM)",
        "item": null,
        "item_template": null
    }
},
{
    "model": "backend.radiocoding",
    "pk": 1,
    "fields": {
        "name": "STAFF",
        "color": "#539BDD",
        "description": "Default coding for all staff members"
    }
},
{
    "model": "backend.radiocoding",
    "pk": 2,
    "fields": {
        "name": "SECOPS",
        "color": "#1DC51D",
        "description": "Default coding for all security operatives"
    }
},
{
    "model": "backend.radiocoding",
    "pk": 3,
    "fields": {
        "name": "SECLEAD",
        "color": "#A225D3",
        "description": "Coding for security leaders"
    }
},
{
    "model": "backend.radiocoding",
    "pk": 4,
    "fields": {
        "name": "MEDIC",
        "color": "#D6BB4F",
        "description": "On-site medical response team"
    }
},
{
    "model": "backend.radiocoding",
    "pk": 5,
    "fields": {
        "name": "DISPATCH",
        "color": "#EEA537",
        "description": "Coding used by security dispatcher desk devices"
    }
},
{
    "model": "backend.radiocoding",
    "pk": 6,
    "fields": {
        "name": "RADIOMGR",
        "color": "#D82626",
        "description": "Coding for radio system administrators"
    }
},
{
    "model": "backend.radiocoding",
    "pk": 7,
    "fields": {
        "name": "REPEATER",
        "color": "#745F48",
        "description": ""
    }
},
{
    "model": "backend.radiodevicetemplate",
    "pk": 1,
    "fields": {
        "coding": 1
    }
},
{
    "model": "backend.radiodevicetemplate",
    "pk": 2,
    "fields": {
        "coding": 1
    }
},
{
    "model": "backend.radiodevicetemplate",
    "pk": 3,
    "fields": {
        "coding": 3
    }
},
{
    "model": "backend.radiodevicetemplate",
    "pk": 4,
    "fields": {
        "coding": 2
    }
},
{
    "model": "backend.radiodevicetemplate",
    "pk": 5,
    "fields": {
        "coding": 5
    }
},
{
    "model": "backend.radiodevicetemplate",
    "pk": 6,
    "fields": {
        "coding": 4
    }
},
{
    "model": "backend.radiodevicetemplate",
    "pk": 7,
    "fields": {
        "coding": 6
    }
},
{
    "model": "backend.radiodevicetemplate",
    "pk": 8,
    "fields": {
        "coding": 6
    }
},
{
    "model": "backend.radiodevicetemplate",
    "pk": 9,
    "fields": {
        "coding": 6
    }
},
{
    "model": "backend.radiodevicetemplate",
    "pk": 10,
    "fields": {
        "coding": 1
    }
},
{
    "model": "backend.radiodevicetemplate",
    "pk": 11,
    "fields": {
        "coding": 1
    }
},
{
    "model": "backend.radiodevicetemplate",
    "pk": 39,
    "fields": {
        "coding": 7
    }
},
{
    "model": "backend.radiodevicetemplate",
    "pk": 40,
    "fields": {
        "coding": 1
    }
},
{
    "model": "backend.radiodevicetemplate",
    "pk": 41,
    "fields": {
        "coding": 2
    }
},
{
    "model": "backend.radiodevicetemplate",
    "pk": 42,
    "fields": {
        "coding": 1
    }
},
{
    "model": "backend.radiodevice",
    "pk": 1,
    "fields": {
        "callsign": "1001"
    }
},
{
    "model": "backend.radiodevice",
    "pk": 2,
    "fields": {
        "callsign": "1002"
    }
},
{
    "model": "backend.radiodevice",
    "pk": 3,
    "fields": {
        "callsign": "1003"
    }
},
{
    "model": "backend.radiodevice",
    "pk": 4,
    "fields": {
        "callsign": "1004"
    }
},
{
    "model": "backend.radiodevice",
    "pk": 5,
    "fields": {
        "callsign": "1005"
    }
},
{
    "model": "backend.radiodevice",
    "pk": 6,
    "fields": {
        "callsign": "1006"
    }
},
{
    "model": "backend.radiodevice",
    "pk": 7,
    "fields": {
        "callsign": "1007"
    }
},
{
    "model": "backend.radiodevice",
    "pk": 8,
    "fields": {
        "callsign": "1008"
    }
},
{
    "model": "backend.radiodevice",
    "pk": 9,
    "fields": {
        "callsign": "1009"
    }
},
{
    "model": "backend.radiodevice",
    "pk": 10,
    "fields": {
        "callsign": "1010"
    }
},
{
    "model": "backend.radiodevice",
    "pk": 11,
    "fields": {
        "callsign": "1011"
    }
},
{
    "model": "backend.radiodevice",
    "pk": 12,
    "fields": {
        "callsign": "1012"
    }
},
{
    "model": "backend.radiodevice",
    "pk": 13,
    "fields": {
        "callsign": "1013"
    }
},
{
    "model": "backend.radiodevice",
    "pk": 14,
    "fields": {
        "callsign": "1014"
    }
},
{
    "model": "backend.radiodevice",
    "pk": 15,
    "fields": {
        "callsign": "1015"
    }
},
{
    "model": "backend.radiodevice",
    "pk": 16,
    "fields": {
        "callsign": "1101"
    }
},
{
    "model": "backend.radiodevice",
    "pk": 17,
    "fields": {
        "callsign": "1102"
    }
},
{
    "model": "backend.radiodevice",
    "pk": 18,
    "fields": {
        "callsign": "1103"
    }
},
{
    "model": "backend.radiodevice",
    "pk": 20,
    "fields": {
        "callsign": "1104"
    }
},
{
    "model": "backend.radiodevice",
    "pk": 21,
    "fields": {
        "callsign": "1105"
    }
},
{
    "model": "backend.radiodevice",
    "pk": 22,
    "fields": {
        "callsign": "2901"
    }
},
{
    "model": "backend.radiodevice",
    "pk": 23,
    "fields": {
        "callsign": "2902"
    }
},
{
    "model": "backend.radiodevice",
    "pk": 25,
    "fields": {
        "callsign": "2903"
    }
},
{
    "model": "backend.radiodevice",
    "pk": 26,
    "fields": {
        "callsign": "2001"
    }
},
{
    "model": "backend.radiodevice",
    "pk": 27,
    "fields": {
        "callsign": "2002"
    }
},
{
    "model": "backend.radiodevice",
    "pk": 28,
    "fields": {
        "callsign": "2003"
    }
},
{
    "model": "backend.radiodevice",
    "pk": 29,
    "fields": {
        "callsign": "2004"
    }
},
{
    "model": "backend.radiodevice",
    "pk": 30,
    "fields": {
        "callsign": "2005"
    }
},
{
    "model": "backend.radiodevice",
    "pk": 31,
    "fields": {
        "callsign": "2006"
    }
},
{
    "model": "backend.radiodevice",
    "pk": 32,
    "fields": {
        "callsign": "2007"
    }
},
{
    "model": "backend.radiodevice",
    "pk": 33,
    "fields": {
        "callsign": "2008"
    }
},
{
    "model": "backend.radiodevice",
    "pk": 34,
    "fields": {
        "callsign": "2009"
    }
},
{
    "model": "backend.radiodevice",
    "pk": 35,
    "fields": {
        "callsign": "2010"
    }
},
{
    "model": "backend.radiodevice",
    "pk": 36,
    "fields": {
        "callsign": "2801"
    }
},
{
    "model": "backend.radiodevice",
    "pk": 37,
    "fields": {
        "callsign": "2802"
    }
},
{
    "model": "backend.radiodevice",
    "pk": 38,
    "fields": {
        "callsign": "3001"
    }
},
{
    "model": "backend.radiodevice",
    "pk": 39,
    "fields": {
        "callsign": "3002"
    }
},
{
    "model": "backend.radiodevice",
    "pk": 41,
    "fields": {
        "callsign": "3002"
    }
},
{
    "model": "backend.radiodevice",
    "pk": 42,
    "fields": {
        "callsign": "3004"
    }
},
{
    "model": "backend.radiodevice",
    "pk": 43,
    "fields": {
        "callsign": "3005"
    }
},
{
    "model": "backend.radiodevice",
    "pk": 44,
    "fields": {
        "callsign": "4242"
    }
},
{
    "model": "backend.radiodevice",
    "pk": 45,
    "fields": {
        "callsign": "1234"
    }
},
{
    "model": "backend.radiodevice",
    "pk": 46,
    "fields": {
        "callsign": "6969"
    }
},
{
    "model": "backend.radiodevice",
    "pk": 47,
    "fields": {
        "callsign": "1016"
    }
},
{
    "model": "backend.radiodevice",
    "pk": 48,
    "fields": {
        "callsign": "1017"
    }
},
{
    "model": "backend.radiodevice",
    "pk": 49,
    "fields": {
        "callsign": "1018"
    }
},
{
    "model": "backend.radiodevice",
    "pk": 50,
    "fields": {
        "callsign": "1019"
    }
},
{
    "model": "backend.radiodevice",
    "pk": 51,
    "fields": {
        "callsign": "1020"
    }
},
{
    "model": "backend.radiodevice",
    "pk": 52,
    "fields": {
        "callsign": "1021"
    }
},
{
    "model": "backend.radiodevice",
    "pk": 53,
    "fields": {
        "callsign": "1022"
    }
},
{
    "model": "backend.radiodevice",
    "pk": 54,
    "fields": {
        "callsign": "1023"
    }
},
{
    "model": "backend.radiodevice",
    "pk": 55,
    "fields": {
        "callsign": "1024"
    }
},
{
    "model": "backend.radiodevice",
    "pk": 56,
    "fields": {
        "callsign": "1025"
    }
},
{
    "model": "backend.radiodevice",
    "pk": 397,
    "fields": {
        "callsign": null
    }
},
{
    "model": "backend.radiodevice",
    "pk": 398,
    "fields": {
        "callsign": null
    }
},
{
    "model": "backend.radiodevice",
    "pk": 412,
    "fields": {
        "callsign": "7001"
    }
},
{
    "model": "backend.radiodevice",
    "pk": 413,
    "fields": {
        "callsign": "7002"
    }
},
{
    "model": "backend.radiodevice",
    "pk": 414,
    "fields": {
        "callsign": "7003"
    }
},
{
    "model": "backend.radioaccessorytemplate",
    "pk": 12,
    "fields": {
        "allow_quickadd": true,
        "compatible_with": [
            1,
            2,
            3,
            4
        ]
    }
},
{
    "model": "backend.radioaccessorytemplate",
    "pk": 13,
    "fields": {
        "allow_quickadd": true,
        "compatible_with": [
            1,
            2,
            3,
            4
        ]
    }
},
{
    "model": "backend.radioaccessorytemplate",
    "pk": 14,
    "fields": {
        "allow_quickadd": true,
        "compatible_with": [
            1,
            2,
            3,
            4
        ]
    }
},
{
    "model": "backend.radioaccessorytemplate",
    "pk": 15,
    "fields": {
        "allow_quickadd": true,
        "compatible_with": [
            1,
            2,
            3,
            4
        ]
    }
},
{
    "model": "backend.radioaccessorytemplate",
    "pk": 16,
    "fields": {
        "allow_quickadd": true,
        "compatible_with": [
            1,
            2,
            3,
            4
        ]
    }
},
{
    "model": "backend.radioaccessorytemplate",
    "pk": 17,
    "fields": {
        "allow_quickadd": true,
        "compatible_with": [
            5
        ]
    }
},
{
    "model": "backend.radioaccessorytemplate",
    "pk": 19,
    "fields": {
        "allow_quickadd": true,
        "compatible_with": [
            6
        ]
    }
},
{
    "model": "backend.radioaccessorytemplate",
    "pk": 20,
    "fields": {
        "allow_quickadd": true,
        "compatible_with": [
            6
        ]
    }
},
{
    "model": "backend.radioaccessorytemplate",
    "pk": 21,
    "fields": {
        "allow_quickadd": true,
        "compatible_with": [
            7,
            8,
            9
        ]
    }
},
{
    "model": "backend.radioaccessorytemplate",
    "pk": 22,
    "fields": {
        "allow_quickadd": true,
        "compatible_with": [
            7,
            8,
            9
        ]
    }
},
{
    "model": "backend.radioaccessorytemplate",
    "pk": 23,
    "fields": {
        "allow_quickadd": true,
        "compatible_with": [
            7,
            8,
            9
        ]
    }
},
{
    "model": "backend.radioaccessorytemplate",
    "pk": 24,
    "fields": {
        "allow_quickadd": true,
        "compatible_with": [
            10
        ]
    }
},
{
    "model": "backend.radioaccessorytemplate",
    "pk": 25,
    "fields": {
        "allow_quickadd": true,
        "compatible_with": [
            11
        ]
    }
},
{
    "model": "backend.radioaccessorytemplate",
    "pk": 26,
    "fields": {
        "allow_quickadd": true,
        "compatible_with": [
            14,
            15,
            20,
            24
        ]
    }
},
{
    "model": "backend.radioaccessorytemplate",
    "pk": 27,
    "fields": {
        "allow_quickadd": true,
        "compatible_with": [
            14,
            15,
            20,
            24
        ]
    }
},
{
    "model": "backend.radioaccessorytemplate",
    "pk": 28,
    "fields": {
        "allow_quickadd": true,
        "compatible_with": [
            14,
            15,
            20,
            24
        ]
    }
},
{
    "model": "backend.radioaccessorytemplate",
    "pk": 29,
    "fields": {
        "allow_quickadd": true,
        "compatible_with": [
            14,
            15,
            20,
            24
        ]
    }
},
{
    "model": "backend.radioaccessorytemplate",
    "pk": 30,
    "fields": {
        "allow_quickadd": true,
        "compatible_with": [
            14,
            15,
            20,
            24
        ]
    }
},
{
    "model": "backend.radioaccessorytemplate",
    "pk": 31,
    "fields": {
        "allow_quickadd": true,
        "compatible_with": [
            14,
            15,
            20,
            24
        ]
    }
},
{
    "model": "backend.radioaccessory",
    "pk": 57,
    "fields": {}
},
{
    "model": "backend.radioaccessory",
    "pk": 58,
    "fields": {}
},
{
    "model": "backend.radioaccessory",
    "pk": 59,
    "fields": {}
},
{
    "model": "backend.radioaccessory",
    "pk": 60,
    "fields": {}
},
{
    "model": "backend.radioaccessory",
    "pk": 61,
    "fields": {}
},
{
    "model": "backend.radioaccessory",
    "pk": 62,
    "fields": {}
},
{
    "model": "backend.radioaccessory",
    "pk": 63,
    "fields": {}
},
{
    "model": "backend.radioaccessory",
    "pk": 64,
    "fields": {}
},
{
    "model": "backend.radioaccessory",
    "pk": 65,
    "fields": {}
},
{
    "model": "backend.radioaccessory",
    "pk": 66,
    "fields": {}
},
{
    "model": "backend.radioaccessory",
    "pk": 67,
    "fields": {}
},
{
    "model": "backend.radioaccessory",
    "pk": 68,
    "fields": {}
},
{
    "model": "backend.radioaccessory",
    "pk": 69,
    "fields": {}
},
{
    "model": "backend.radioaccessory",
    "pk": 70,
    "fields": {}
},
{
    "model": "backend.radioaccessory",
    "pk": 71,
    "fields": {}
},
{
    "model": "backend.radioaccessory",
    "pk": 72,
    "fields": {}
},
{
    "model": "backend.radioaccessory",
    "pk": 73,
    "fields": {}
},
{
    "model": "backend.radioaccessory",
    "pk": 74,
    "fields": {}
},
{
    "model": "backend.radioaccessory",
    "pk": 75,
    "fields": {}
},
{
    "model": "backend.radioaccessory",
    "pk": 76,
    "fields": {}
},
{
    "model": "backend.radioaccessory",
    "pk": 77,
    "fields": {}
},
{
    "model": "backend.radioaccessory",
    "pk": 78,
    "fields": {}
},
{
    "model": "backend.radioaccessory",
    "pk": 79,
    "fields": {}
},
{
    "model": "backend.radioaccessory",
    "pk": 80,
    "fields": {}
},
{
    "model": "backend.radioaccessory",
    "pk": 81,
    "fields": {}
},
{
    "model": "backend.radioaccessory",
    "pk": 82,
    "fields": {}
},
{
    "model": "backend.radioaccessory",
    "pk": 83,
    "fields": {}
},
{
    "model": "backend.radioaccessory",
    "pk": 84,
    "fields": {}
},
{
    "model": "backend.radioaccessory",
    "pk": 85,
    "fields": {}
},
{
    "model": "backend.radioaccessory",
    "pk": 86,
    "fields": {}
},
{
    "model": "backend.radioaccessory",
    "pk": 87,
    "fields": {}
},
{
    "model": "backend.radioaccessory",
    "pk": 88,
    "fields": {}
},
{
    "model": "backend.radioaccessory",
    "pk": 89,
    "fields": {}
},
{
    "model": "backend.radioaccessory",
    "pk": 90,
    "fields": {}
},
{
    "model": "backend.radioaccessory",
    "pk": 91,
    "fields": {}
},
{
    "model": "backend.radioaccessory",
    "pk": 92,
    "fields": {}
},
{
    "model": "backend.radioaccessory",
    "pk": 93,
    "fields": {}
},
{
    "model": "backend.radioaccessory",
    "pk": 94,
    "fields": {}
},
{
    "model": "backend.radioaccessory",
    "pk": 95,
    "fields": {}
},
{
    "model": "backend.radioaccessory",
    "pk": 96,
    "fields": {}
},
{
    "model": "backend.radioaccessory",
    "pk": 97,
    "fields": {}
},
{
    "model": "backend.radioaccessory",
    "pk": 98,
    "fields": {}
},
{
    "model": "backend.radioaccessory",
    "pk": 99,
    "fields": {}
},
{
    "model": "backend.radioaccessory",
    "pk": 100,
    "fields": {}
},
{
    "model": "backend.radioaccessory",
    "pk": 101,
    "fields": {}
},
{
    "model": "backend.radioaccessory",
    "pk": 102,
    "fields": {}
},
{
    "model": "backend.radioaccessory",
    "pk": 103,
    "fields": {}
},
{
    "model": "backend.radioaccessory",
    "pk": 104,
    "fields": {}
},
{
    "model": "backend.radioaccessory",
    "pk": 105,
    "fields": {}
},
{
    "model": "backend.radioaccessory",
    "pk": 106,
    "fields": {}
},
{
    "model": "backend.radioaccessory",
    "pk": 107,
    "fields": {}
},
{
    "model": "backend.radioaccessory",
    "pk": 108,
    "fields": {}
},
{
    "model": "backend.radioaccessory",
    "pk": 109,
    "fields": {}
},
{
    "model": "backend.radioaccessory",
    "pk": 110,
    "fields": {}
},
{
    "model": "backend.radioaccessory",
    "pk": 111,
    "fields": {}
},
{
    "model": "backend.radioaccessory",
    "pk": 112,
    "fields": {}
},
{
    "model": "backend.radioaccessory",
    "pk": 113,
    "fields": {}
},
{
    "model": "backend.radioaccessory",
    "pk": 114,
    "fields": {}
},
{
    "model": "backend.radioaccessory",
    "pk": 115,
    "fields": {}
},
{
    "model": "backend.radioaccessory",
    "pk": 116,
    "fields": {}
},
{
    "model": "backend.radioaccessory",
    "pk": 117,
    "fields": {}
},
{
    "model": "backend.radioaccessory",
    "pk": 118,
    "fields": {}
},
{
    "model": "backend.radioaccessory",
    "pk": 119,
    "fields": {}
},
{
    "model": "backend.radioaccessory",
    "pk": 120,
    "fields": {}
},
{
    "model": "backend.radioaccessory",
    "pk": 121,
    "fields": {}
},
{
    "model": "backend.radioaccessory",
    "pk": 122,
    "fields": {}
},
{
    "model": "backend.radioaccessory",
    "pk": 123,
    "fields": {}
},
{
    "model": "backend.radioaccessory",
    "pk": 124,
    "fields": {}
},
{
    "model": "backend.radioaccessory",
    "pk": 125,
    "fields": {}
},
{
    "model": "backend.radioaccessory",
    "pk": 126,
    "fields": {}
},
{
    "model": "backend.radioaccessory",
    "pk": 127,
    "fields": {}
},
{
    "model": "backend.radioaccessory",
    "pk": 128,
    "fields": {}
},
{
    "model": "backend.radioaccessory",
    "pk": 129,
    "fields": {}
},
{
    "model": "backend.radioaccessory",
    "pk": 130,
    "fields": {}
},
{
    "model": "backend.radioaccessory",
    "pk": 131,
    "fields": {}
},
{
    "model": "backend.radioaccessory",
    "pk": 132,
    "fields": {}
},
{
    "model": "backend.radioaccessory",
    "pk": 133,
    "fields": {}
},
{
    "model": "backend.radioaccessory",
    "pk": 134,
    "fields": {}
},
{
    "model": "backend.radioaccessory",
    "pk": 135,
    "fields": {}
},
{
    "model": "backend.radioaccessory",
    "pk": 136,
    "fields": {}
},
{
    "model": "backend.radioaccessory",
    "pk": 137,
    "fields": {}
},
{
    "model": "backend.radioaccessory",
    "pk": 138,
    "fields": {}
},
{
    "model": "backend.radioaccessory",
    "pk": 139,
    "fields": {}
},
{
    "model": "backend.radioaccessory",
    "pk": 140,
    "fields": {}
},
{
    "model": "backend.radioaccessory",
    "pk": 141,
    "fields": {}
},
{
    "model": "backend.radioaccessory",
    "pk": 142,
    "fields": {}
},
{
    "model": "backend.radioaccessory",
    "pk": 143,
    "fields": {}
},
{
    "model": "backend.radioaccessory",
    "pk": 144,
    "fields": {}
},
{
    "model": "backend.radioaccessory",
    "pk": 145,
    "fields": {}
},
{
    "model": "backend.radioaccessory",
    "pk": 146,
    "fields": {}
},
{
    "model": "backend.radioaccessory",
    "pk": 147,
    "fields": {}
},
{
    "model": "backend.radioaccessory",
    "pk": 148,
    "fields": {}
},
{
    "model": "backend.radioaccessory",
    "pk": 149,
    "fields": {}
},
{
    "model": "backend.radioaccessory",
    "pk": 150,
    "fields": {}
},
{
    "model": "backend.radioaccessory",
    "pk": 151,
    "fields": {}
},
{
    "model": "backend.radioaccessory",
    "pk": 152,
    "fields": {}
},
{
    "model": "backend.radioaccessory",
    "pk": 153,
    "fields": {}
},
{
    "model": "backend.radioaccessory",
    "pk": 154,
    "fields": {}
},
{
    "model": "backend.radioaccessory",
    "pk": 155,
    "fields": {}
},
{
    "model": "backend.radioaccessory",
    "pk": 156,
    "fields": {}
},
{
    "model": "backend.radioaccessory",
    "pk": 157,
    "fields": {}
},
{
    "model": "backend.radioaccessory",
    "pk": 158,
    "fields": {}
},
{
    "model": "backend.radioaccessory",
    "pk": 159,
    "fields": {}
},
{
    "model": "backend.radioaccessory",
    "pk": 160,
    "fields": {}
},
{
    "model": "backend.radioaccessory",
    "pk": 161,
    "fields": {}
},
{
    "model": "backend.radioaccessory",
    "pk": 162,
    "fields": {}
},
{
    "model": "backend.radioaccessory",
    "pk": 163,
    "fields": {}
},
{
    "model": "backend.radioaccessory",
    "pk": 164,
    "fields": {}
},
{
    "model": "backend.radioaccessory",
    "pk": 165,
    "fields": {}
},
{
    "model": "backend.radioaccessory",
    "pk": 166,
    "fields": {}
},
{
    "model": "backend.radioaccessory",
    "pk": 167,
    "fields": {}
},
{
    "model": "backend.radioaccessory",
    "pk": 168,
    "fields": {}
},
{
    "model": "backend.radioaccessory",
    "pk": 169,
    "fields": {}
},
{
    "model": "backend.radioaccessory",
    "pk": 170,
    "fields": {}
},
{
    "model": "backend.radioaccessory",
    "pk": 171,
    "fields": {}
},
{
    "model": "backend.radioaccessory",
    "pk": 172,
    "fields": {}
},
{
    "model": "backend.radioaccessory",
    "pk": 173,
    "fields": {}
},
{
    "model": "backend.radioaccessory",
    "pk": 174,
    "fields": {}
},
{
    "model": "backend.radioaccessory",
    "pk": 175,
    "fields": {}
},
{
    "model": "backend.radioaccessory",
    "pk": 176,
    "fields": {}
},
{
    "model": "backend.radioaccessory",
    "pk": 177,
    "fields": {}
},
{
    "model": "backend.radioaccessory",
    "pk": 178,
    "fields": {}
},
{
    "model": "backend.radioaccessory",
    "pk": 179,
    "fields": {}
},
{
    "model": "backend.radioaccessory",
    "pk": 180,
    "fields": {}
},
{
    "model": "backend.radioaccessory",
    "pk": 181,
    "fields": {}
},
{
    "model": "backend.radioaccessory",
    "pk": 182,
    "fields": {}
},
{
    "model": "backend.radioaccessory",
    "pk": 183,
    "fields": {}
},
{
    "model": "backend.radioaccessory",
    "pk": 184,
    "fields": {}
},
{
    "model": "backend.radioaccessory",
    "pk": 185,
    "fields": {}
},
{
    "model": "backend.radioaccessory",
    "pk": 186,
    "fields": {}
},
{
    "model": "backend.radioaccessory",
    "pk": 187,
    "fields": {}
},
{
    "model": "backend.radioaccessory",
    "pk": 188,
    "fields": {}
},
{
    "model": "backend.radioaccessory",
    "pk": 189,
    "fields": {}
},
{
    "model": "backend.radioaccessory",
    "pk": 190,
    "fields": {}
},
{
    "model": "backend.radioaccessory",
    "pk": 191,
    "fields": {}
},
{
    "model": "backend.radioaccessory",
    "pk": 192,
    "fields": {}
},
{
    "model": "backend.radioaccessory",
    "pk": 193,
    "fields": {}
},
{
    "model": "backend.radioaccessory",
    "pk": 194,
    "fields": {}
},
{
    "model": "backend.radioaccessory",
    "pk": 195,
    "fields": {}
},
{
    "model": "backend.radioaccessory",
    "pk": 196,
    "fields": {}
},
{
    "model": "backend.radioaccessory",
    "pk": 197,
    "fields": {}
},
{
    "model": "backend.radioaccessory",
    "pk": 198,
    "fields": {}
},
{
    "model": "backend.radioaccessory",
    "pk": 199,
    "fields": {}
},
{
    "model": "backend.radioaccessory",
    "pk": 200,
    "fields": {}
},
{
    "model": "backend.radioaccessory",
    "pk": 201,
    "fields": {}
},
{
    "model": "backend.radioaccessory",
    "pk": 202,
    "fields": {}
},
{
    "model": "backend.radioaccessory",
    "pk": 203,
    "fields": {}
},
{
    "model": "backend.radioaccessory",
    "pk": 204,
    "fields": {}
},
{
    "model": "backend.radioaccessory",
    "pk": 205,
    "fields": {}
},
{
    "model": "backend.radioaccessory",
    "pk": 206,
    "fields": {}
},
{
    "model": "backend.radioaccessory",
    "pk": 207,
    "fields": {}
},
{
    "model": "backend.radioaccessory",
    "pk": 208,
    "fields": {}
},
{
    "model": "backend.radioaccessory",
    "pk": 209,
    "fields": {}
},
{
    "model": "backend.radioaccessory",
    "pk": 210,
    "fields": {}
},
{
    "model": "backend.radioaccessory",
    "pk": 211,
    "fields": {}
},
{
    "model": "backend.radioaccessory",
    "pk": 212,
    "fields": {}
},
{
    "model": "backend.radioaccessory",
    "pk": 213,
    "fields": {}
},
{
    "model": "backend.radioaccessory",
    "pk": 214,
    "fields": {}
},
{
    "model": "backend.radioaccessory",
    "pk": 215,
    "fields": {}
},
{
    "model": "backend.radioaccessory",
    "pk": 216,
    "fields": {}
},
{
    "model": "backend.radioaccessory",
    "pk": 217,
    "fields": {}
},
{
    "model": "backend.radioaccessory",
    "pk": 218,
    "fields": {}
},
{
    "model": "backend.radioaccessory",
    "pk": 219,
    "fields": {}
},
{
    "model": "backend.radioaccessory",
    "pk": 220,
    "fields": {}
},
{
    "model": "backend.radioaccessory",
    "pk": 221,
    "fields": {}
},
{
    "model": "backend.radioaccessory",
    "pk": 222,
    "fields": {}
},
{
    "model": "backend.radioaccessory",
    "pk": 223,
    "fields": {}
},
{
    "model": "backend.radioaccessory",
    "pk": 224,
    "fields": {}
},
{
    "model": "backend.radioaccessory",
    "pk": 225,
    "fields": {}
},
{
    "model": "backend.radioaccessory",
    "pk": 226,
    "fields": {}
},
{
    "model": "backend.radioaccessory",
    "pk": 227,
    "fields": {}
},
{
    "model": "backend.radioaccessory",
    "pk": 228,
    "fields": {}
},
{
    "model": "backend.radioaccessory",
    "pk": 229,
    "fields": {}
},
{
    "model": "backend.radioaccessory",
    "pk": 230,
    "fields": {}
},
{
    "model": "backend.radioaccessory",
    "pk": 231,
    "fields": {}
},
{
    "model": "backend.radioaccessory",
    "pk": 232,
    "fields": {}
},
{
    "model": "backend.radioaccessory",
    "pk": 233,
    "fields": {}
},
{
    "model": "backend.radioaccessory",
    "pk": 234,
    "fields": {}
},
{
    "model": "backend.radioaccessory",
    "pk": 235,
    "fields": {}
},
{
    "model": "backend.radioaccessory",
    "pk": 236,
    "fields": {}
},
{
    "model": "backend.radioaccessory",
    "pk": 237,
    "fields": {}
},
{
    "model": "backend.radioaccessory",
    "pk": 238,
    "fields": {}
},
{
    "model": "backend.radioaccessory",
    "pk": 239,
    "fields": {}
},
{
    "model": "backend.radioaccessory",
    "pk": 240,
    "fields": {}
},
{
    "model": "backend.radioaccessory",
    "pk": 241,
    "fields": {}
},
{
    "model": "backend.radioaccessory",
    "pk": 242,
    "fields": {}
},
{
    "model": "backend.radioaccessory",
    "pk": 243,
    "fields": {}
},
{
    "model": "backend.radioaccessory",
    "pk": 244,
    "fields": {}
},
{
    "model": "backend.radioaccessory",
    "pk": 245,
    "fields": {}
},
{
    "model": "backend.radioaccessory",
    "pk": 246,
    "fields": {}
},
{
    "model": "backend.radioaccessory",
    "pk": 247,
    "fields": {}
},
{
    "model": "backend.radioaccessory",
    "pk": 248,
    "fields": {}
},
{
    "model": "backend.radioaccessory",
    "pk": 249,
    "fields": {}
},
{
    "model": "backend.radioaccessory",
    "pk": 250,
    "fields": {}
},
{
    "model": "backend.radioaccessory",
    "pk": 251,
    "fields": {}
},
{
    "model": "backend.radioaccessory",
    "pk": 252,
    "fields": {}
},
{
    "model": "backend.radioaccessory",
    "pk": 253,
    "fields": {}
},
{
    "model": "backend.radioaccessory",
    "pk": 254,
    "fields": {}
},
{
    "model": "backend.radioaccessory",
    "pk": 255,
    "fields": {}
},
{
    "model": "backend.radioaccessory",
    "pk": 256,
    "fields": {}
},
{
    "model": "backend.radioaccessory",
    "pk": 257,
    "fields": {}
},
{
    "model": "backend.radioaccessory",
    "pk": 258,
    "fields": {}
},
{
    "model": "backend.radioaccessory",
    "pk": 259,
    "fields": {}
},
{
    "model": "backend.radioaccessory",
    "pk": 260,
    "fields": {}
},
{
    "model": "backend.radioaccessory",
    "pk": 261,
    "fields": {}
},
{
    "model": "backend.radioaccessory",
    "pk": 262,
    "fields": {}
},
{
    "model": "backend.radioaccessory",
    "pk": 263,
    "fields": {}
},
{
    "model": "backend.radioaccessory",
    "pk": 264,
    "fields": {}
},
{
    "model": "backend.radioaccessory",
    "pk": 265,
    "fields": {}
},
{
    "model": "backend.radioaccessory",
    "pk": 266,
    "fields": {}
},
{
    "model": "backend.radioaccessory",
    "pk": 267,
    "fields": {}
},
{
    "model": "backend.radioaccessory",
    "pk": 268,
    "fields": {}
},
{
    "model": "backend.radioaccessory",
    "pk": 269,
    "fields": {}
},
{
    "model": "backend.radioaccessory",
    "pk": 270,
    "fields": {}
},
{
    "model": "backend.radioaccessory",
    "pk": 271,
    "fields": {}
},
{
    "model": "backend.radioaccessory",
    "pk": 272,
    "fields": {}
},
{
    "model": "backend.radioaccessory",
    "pk": 273,
    "fields": {}
},
{
    "model": "backend.radioaccessory",
    "pk": 274,
    "fields": {}
},
{
    "model": "backend.radioaccessory",
    "pk": 275,
    "fields": {}
},
{
    "model": "backend.radioaccessory",
    "pk": 276,
    "fields": {}
},
{
    "model": "backend.radioaccessory",
    "pk": 277,
    "fields": {}
},
{
    "model": "backend.radioaccessory",
    "pk": 278,
    "fields": {}
},
{
    "model": "backend.radioaccessory",
    "pk": 279,
    "fields": {}
},
{
    "model": "backend.radioaccessory",
    "pk": 280,
    "fields": {}
},
{
    "model": "backend.radioaccessory",
    "pk": 281,
    "fields": {}
},
{
    "model": "backend.radioaccessory",
    "pk": 282,
    "fields": {}
},
{
    "model": "backend.radioaccessory",
    "pk": 283,
    "fields": {}
},
{
    "model": "backend.radioaccessory",
    "pk": 284,
    "fields": {}
},
{
    "model": "backend.radioaccessory",
    "pk": 285,
    "fields": {}
},
{
    "model": "backend.radioaccessory",
    "pk": 286,
    "fields": {}
},
{
    "model": "backend.radioaccessory",
    "pk": 287,
    "fields": {}
},
{
    "model": "backend.radioaccessory",
    "pk": 288,
    "fields": {}
},
{
    "model": "backend.radioaccessory",
    "pk": 289,
    "fields": {}
},
{
    "model": "backend.radioaccessory",
    "pk": 290,
    "fields": {}
},
{
    "model": "backend.radioaccessory",
    "pk": 291,
    "fields": {}
},
{
    "model": "backend.radioaccessory",
    "pk": 292,
    "fields": {}
},
{
    "model": "backend.radioaccessory",
    "pk": 293,
    "fields": {}
},
{
    "model": "backend.radioaccessory",
    "pk": 294,
    "fields": {}
},
{
    "model": "backend.radioaccessory",
    "pk": 295,
    "fields": {}
},
{
    "model": "backend.radioaccessory",
    "pk": 296,
    "fields": {}
},
{
    "model": "backend.radioaccessory",
    "pk": 297,
    "fields": {}
},
{
    "model": "backend.radioaccessory",
    "pk": 298,
    "fields": {}
},
{
    "model": "backend.radioaccessory",
    "pk": 299,
    "fields": {}
},
{
    "model": "backend.radioaccessory",
    "pk": 300,
    "fields": {}
},
{
    "model": "backend.radioaccessory",
    "pk": 301,
    "fields": {}
},
{
    "model": "backend.radioaccessory",
    "pk": 302,
    "fields": {}
},
{
    "model": "backend.radioaccessory",
    "pk": 303,
    "fields": {}
},
{
    "model": "backend.radioaccessory",
    "pk": 304,
    "fields": {}
},
{
    "model": "backend.radioaccessory",
    "pk": 305,
    "fields": {}
},
{
    "model": "backend.radioaccessory",
    "pk": 306,
    "fields": {}
},
{
    "model": "backend.radioaccessory",
    "pk": 307,
    "fields": {}
},
{
    "model": "backend.radioaccessory",
    "pk": 308,
    "fields": {}
},
{
    "model": "backend.radioaccessory",
    "pk": 309,
    "fields": {}
},
{
    "model": "backend.radioaccessory",
    "pk": 310,
    "fields": {}
},
{
    "model": "backend.radioaccessory",
    "pk": 311,
    "fields": {}
},
{
    "model": "backend.radioaccessory",
    "pk": 312,
    "fields": {}
},
{
    "model": "backend.radioaccessory",
    "pk": 313,
    "fields": {}
},
{
    "model": "backend.radioaccessory",
    "pk": 314,
    "fields": {}
},
{
    "model": "backend.radioaccessory",
    "pk": 315,
    "fields": {}
},
{
    "model": "backend.radioaccessory",
    "pk": 316,
    "fields": {}
},
{
    "model": "backend.radioaccessory",
    "pk": 317,
    "fields": {}
},
{
    "model": "backend.radioaccessory",
    "pk": 318,
    "fields": {}
},
{
    "model": "backend.radioaccessory",
    "pk": 319,
    "fields": {}
},
{
    "model": "backend.radioaccessory",
    "pk": 320,
    "fields": {}
},
{
    "model": "backend.radioaccessory",
    "pk": 321,
    "fields": {}
},
{
    "model": "backend.radioaccessory",
    "pk": 322,
    "fields": {}
},
{
    "model": "backend.radioaccessory",
    "pk": 323,
    "fields": {}
},
{
    "model": "backend.radioaccessory",
    "pk": 324,
    "fields": {}
},
{
    "model": "backend.radioaccessory",
    "pk": 325,
    "fields": {}
},
{
    "model": "backend.radioaccessory",
    "pk": 326,
    "fields": {}
},
{
    "model": "backend.radioaccessory",
    "pk": 327,
    "fields": {}
},
{
    "model": "backend.radioaccessory",
    "pk": 328,
    "fields": {}
},
{
    "model": "backend.radioaccessory",
    "pk": 329,
    "fields": {}
},
{
    "model": "backend.radioaccessory",
    "pk": 330,
    "fields": {}
},
{
    "model": "backend.radioaccessory",
    "pk": 331,
    "fields": {}
},
{
    "model": "backend.radioaccessory",
    "pk": 332,
    "fields": {}
},
{
    "model": "backend.radioaccessory",
    "pk": 333,
    "fields": {}
},
{
    "model": "backend.radioaccessory",
    "pk": 334,
    "fields": {}
},
{
    "model": "backend.radioaccessory",
    "pk": 335,
    "fields": {}
},
{
    "model": "backend.radioaccessory",
    "pk": 336,
    "fields": {}
},
{
    "model": "backend.radioaccessory",
    "pk": 337,
    "fields": {}
},
{
    "model": "backend.radioaccessory",
    "pk": 338,
    "fields": {}
},
{
    "model": "backend.radioaccessory",
    "pk": 339,
    "fields": {}
},
{
    "model": "backend.radioaccessory",
    "pk": 340,
    "fields": {}
},
{
    "model": "backend.radioaccessory",
    "pk": 341,
    "fields": {}
},
{
    "model": "backend.radioaccessory",
    "pk": 342,
    "fields": {}
},
{
    "model": "backend.radioaccessory",
    "pk": 343,
    "fields": {}
},
{
    "model": "backend.radioaccessory",
    "pk": 344,
    "fields": {}
},
{
    "model": "backend.radioaccessory",
    "pk": 345,
    "fields": {}
},
{
    "model": "backend.radioaccessory",
    "pk": 346,
    "fields": {}
},
{
    "model": "backend.radioaccessory",
    "pk": 347,
    "fields": {}
},
{
    "model": "backend.radioaccessory",
    "pk": 348,
    "fields": {}
},
{
    "model": "backend.radioaccessory",
    "pk": 349,
    "fields": {}
},
{
    "model": "backend.radioaccessory",
    "pk": 350,
    "fields": {}
},
{
    "model": "backend.radioaccessory",
    "pk": 351,
    "fields": {}
},
{
    "model": "backend.radioaccessory",
    "pk": 352,
    "fields": {}
},
{
    "model": "backend.radioaccessory",
    "pk": 353,
    "fields": {}
},
{
    "model": "backend.radioaccessory",
    "pk": 354,
    "fields": {}
},
{
    "model": "backend.radioaccessory",
    "pk": 355,
    "fields": {}
},
{
    "model": "backend.radioaccessory",
    "pk": 356,
    "fields": {}
},
{
    "model": "backend.radioaccessory",
    "pk": 357,
    "fields": {}
},
{
    "model": "backend.radioaccessory",
    "pk": 358,
    "fields": {}
},
{
    "model": "backend.radioaccessory",
    "pk": 359,
    "fields": {}
},
{
    "model": "backend.radioaccessory",
    "pk": 360,
    "fields": {}
},
{
    "model": "backend.radioaccessory",
    "pk": 361,
    "fields": {}
},
{
    "model": "backend.radioaccessory",
    "pk": 362,
    "fields": {}
},
{
    "model": "backend.radioaccessory",
    "pk": 363,
    "fields": {}
},
{
    "model": "backend.radioaccessory",
    "pk": 364,
    "fields": {}
},
{
    "model": "backend.radioaccessory",
    "pk": 365,
    "fields": {}
},
{
    "model": "backend.radioaccessory",
    "pk": 366,
    "fields": {}
},
{
    "model": "backend.radioaccessory",
    "pk": 367,
    "fields": {}
},
{
    "model": "backend.radioaccessory",
    "pk": 368,
    "fields": {}
},
{
    "model": "backend.radioaccessory",
    "pk": 369,
    "fields": {}
},
{
    "model": "backend.radioaccessory",
    "pk": 370,
    "fields": {}
},
{
    "model": "backend.radioaccessory",
    "pk": 371,
    "fields": {}
},
{
    "model": "backend.radioaccessory",
    "pk": 372,
    "fields": {}
},
{
    "model": "backend.pagertemplate",
    "pk": 32,
    "fields": {}
},
{
    "model": "backend.pagertemplate",
    "pk": 33,
    "fields": {}
},
{
    "model": "backend.pager",
    "pk": 399,
    "fields": {}
},
{
    "model": "backend.pager",
    "pk": 400,
    "fields": {}
},
{
    "model": "backend.pager",
    "pk": 401,
    "fields": {}
},
{
    "model": "backend.pager",
    "pk": 402,
    "fields": {}
},
{
    "model": "backend.pager",
    "pk": 403,
    "fields": {}
},
{
    "model": "backend.pager",
    "pk": 404,
    "fields": {}
},
{
    "model": "backend.pager",
    "pk": 405,
    "fields": {}
},
{
    "model": "backend.pager",
    "pk": 406,
    "fields": {}
},
{
    "model": "backend.pager",
    "pk": 407,
    "fields": {}
},
{
    "model": "backend.pager",
    "pk": 408,
    "fields": {}
},
{
    "model": "backend.pager",
    "pk": 409,
    "fields": {}
},
{
    "model": "backend.pager",
    "pk": 410,
    "fields": {}
},
{
    "model": "backend.pager",
    "pk": 411,
    "fields": {}
},
{
    "model": "backend.phonetemplate",
    "pk": 34,
    "fields": {}
},
{
    "model": "backend.phonetemplate",
    "pk": 35,
    "fields": {}
},
{
    "model": "backend.phonetemplate",
    "pk": 36,
    "fields": {}
},
{
    "model": "backend.phone",
    "pk": 373,
    "fields": {
        "extension": "10",
        "network": "SECU",
        "dhcp": false,
        "ip_address": "10.0.2.10",
        "mac_address": "00:0B:82:AF:FE:01",
        "location": "SecOps: Dispatch 1"
    }
},
{
    "model": "backend.phone",
    "pk": 374,
    "fields": {
        "extension": "11",
        "network": "SECU",
        "dhcp": false,
        "ip_address": "10.0.2.11",
        "mac_address": "00:0B:82:AF:FE:02",
        "location": "SecOps: Dispatch 2"
    }
},
{
    "model": "backend.phone",
    "pk": 375,
    "fields": {
        "extension": "12",
        "network": "SECU",
        "dhcp": false,
        "ip_address": "10.0.2.12",
        "mac_address": "00:0B:82:AF:FE:03",
        "location": "SecOps: ESO"
    }
},
{
    "model": "backend.phone",
    "pk": 376,
    "fields": {
        "extension": "13",
        "network": "SECU",
        "dhcp": false,
        "ip_address": "10.0.2.13",
        "mac_address": "00:0B:82:AF:FE:04",
        "location": "SecOps: SSO"
    }
},
{
    "model": "backend.phone",
    "pk": 377,
    "fields": {
        "extension": "14",
        "network": "SECU",
        "dhcp": false,
        "ip_address": "10.0.2.14",
        "mac_address": "00:0B:82:AF:FE:05",
        "location": "SecOps: Frontdesk"
    }
},
{
    "model": "backend.phone",
    "pk": 378,
    "fields": {
        "extension": "21",
        "network": "STAFF",
        "dhcp": true,
        "ip_address": null,
        "mac_address": "00:0B:82:AF:FE:06",
        "location": "ConOps"
    }
},
{
    "model": "backend.phone",
    "pk": 379,
    "fields": {
        "extension": "22",
        "network": "STAFF",
        "dhcp": true,
        "ip_address": null,
        "mac_address": "00:0B:82:AF:FE:07",
        "location": "ConOps Backoffice"
    }
},
{
    "model": "backend.phone",
    "pk": 381,
    "fields": {
        "extension": "61",
        "network": "STAFF",
        "dhcp": true,
        "ip_address": null,
        "mac_address": "00:0B:82:AF:FE:08",
        "location": "Staff Buffet"
    }
},
{
    "model": "backend.phone",
    "pk": 382,
    "fields": {
        "extension": "62",
        "network": "STAFF",
        "dhcp": true,
        "ip_address": null,
        "mac_address": "00:0B:82:AF:FE:09",
        "location": "Registration Desk"
    }
},
{
    "model": "backend.phone",
    "pk": 383,
    "fields": {
        "extension": "63",
        "network": "STAFF",
        "dhcp": true,
        "ip_address": null,
        "mac_address": "00:0B:82:AF:FE:0A",
        "location": "FOH (Saal 3)"
    }
},
{
    "model": "backend.phone",
    "pk": 384,
    "fields": {
        "extension": "64",
        "network": "STAFF",
        "dhcp": true,
        "ip_address": null,
        "mac_address": "00:0B:82:AF:FE:0B",
        "location": "FOH (Saal 4)"
    }
},
{
    "model": "backend.phone",
    "pk": 385,
    "fields": {
        "extension": "65",
        "network": "STAFF",
        "dhcp": true,
        "ip_address": null,
        "mac_address": "00:0B:82:AF:FE:0C",
        "location": "Backstage (Saal 3)"
    }
},
{
    "model": "backend.phone",
    "pk": 386,
    "fields": {
        "extension": "66",
        "network": "STAFF",
        "dhcp": true,
        "ip_address": null,
        "mac_address": "00:0B:82:AF:FE:0D",
        "location": "Art Show"
    }
},
{
    "model": "backend.phone",
    "pk": 387,
    "fields": {
        "extension": "1337",
        "network": "STAFF",
        "dhcp": true,
        "ip_address": null,
        "mac_address": "00:0B:82:AF:FE:0E",
        "location": "Radiodesk"
    }
},
{
    "model": "backend.phone",
    "pk": 388,
    "fields": {
        "extension": "72",
        "network": "STAFF",
        "dhcp": true,
        "ip_address": null,
        "mac_address": "00:0B:82:AF:FE:0F",
        "location": "Fursuit Lounge"
    }
},
{
    "model": "backend.phone",
    "pk": 389,
    "fields": {
        "extension": "73",
        "network": "STAFF",
        "dhcp": true,
        "ip_address": null,
        "mac_address": "00:0B:82:AF:FE:10",
        "location": "Locker Service"
    }
},
{
    "model": "backend.phone",
    "pk": 390,
    "fields": {
        "extension": "70",
        "network": "STAFF",
        "dhcp": true,
        "ip_address": null,
        "mac_address": "00:0B:82:AF:FE:11",
        "location": "Media Relations"
    }
},
{
    "model": "backend.callboxtemplate",
    "pk": 37,
    "fields": {}
},
{
    "model": "backend.callboxtemplate",
    "pk": 38,
    "fields": {}
},
{
    "model": "backend.callbox",
    "pk": 391,
    "fields": {
        "extension": "9001",
        "network": "SECU",
        "dhcp": false,
        "ip_address": "10.0.9.1",
        "mac_address": "00:0B:82:AF:FE:A0",
        "location": "Artshow",
        "has_camera": true,
        "camera_network": "SECU",
        "camera_dhcp": false,
        "camera_ip_address": "10.0.10.1",
        "camera_mac_address": "00:0B:82:AF:FE:A1"
    }
},
{
    "model": "backend.callbox",
    "pk": 392,
    "fields": {
        "extension": "9002",
        "network": "SECU",
        "dhcp": false,
        "ip_address": "10.0.9.2",
        "mac_address": "00:0B:82:AF:FE:A2",
        "location": "Fursuit Lounge",
        "has_camera": true,
        "camera_network": "SECU",
        "camera_dhcp": false,
        "camera_ip_address": "10.0.10.2",
        "camera_mac_address": "00:0B:82:AF:FE:A3"
    }
},
{
    "model": "backend.callbox",
    "pk": 393,
    "fields": {
        "extension": "9003",
        "network": "SECU",
        "dhcp": false,
        "ip_address": "10.0.9.3",
        "mac_address": "00:0B:82:AF:FE:A4",
        "location": "Foyer 3+H",
        "has_camera": true,
        "camera_network": "SECU",
        "camera_dhcp": false,
        "camera_ip_address": "10.0.10.3",
        "camera_mac_address": "00:0B:82:AF:FE:A5"
    }
},
{
    "model": "backend.callbox",
    "pk": 394,
    "fields": {
        "extension": "9004",
        "network": "SECU",
        "dhcp": false,
        "ip_address": "10.0.9.4",
        "mac_address": "00:0B:82:AF:FE:A6",
        "location": "Foyer 4",
        "has_camera": true,
        "camera_network": "SECU",
        "camera_dhcp": false,
        "camera_ip_address": "10.0.10.4",
        "camera_mac_address": "00:0B:82:AF:FE:A7"
    }
},
{
    "model": "backend.callbox",
    "pk": 395,
    "fields": {
        "extension": "9005",
        "network": "SECU",
        "dhcp": false,
        "ip_address": "10.0.9.5",
        "mac_address": "00:0B:82:AF:FE:A8",
        "location": "Foyer 5-10",
        "has_camera": true,
        "camera_network": "SECU",
        "camera_dhcp": false,
        "camera_ip_address": "10.0.10.5",
        "camera_mac_address": "00:0B:82:AF:FE:A9"
    }
},
{
    "model": "backend.callbox",
    "pk": 396,
    "fields": {
        "extension": "9006",
        "network": "SECU",
        "dhcp": false,
        "ip_address": "10.0.9.6",
        "mac_address": "00:0B:82:AF:FE:A9",
        "location": "Foyer X",
        "has_camera": true,
        "camera_network": "SECU",
        "camera_dhcp": false,
        "camera_ip_address": "10.0.10.6",
        "camera_mac_address": "00:0B:82:AF:FE:AA"
    }
}
]
